Workbook

Sheet Ene
C1: Diligencie unicamente las celdas verdes | F1: Total | G1: Comisiones | I1: Resultado | J1: Balance inicial | K1: =+(K2-J2)/J2 -> 0
C2: Ganancia o perdida del mes | F2: =I48*5*F3 -> 0 | G2: =-D48*D3*F3 -> 0 | I2: =(F2*F3)+G2 -> 0 | J2: 1250 | K2: =I2+J2 -> 1250
C3: Comision | D3: 3 | E3: Cant. Contratos | F3: 1
C6: Fecha | D6: Total Trades | E6: #Ganados | F6: #Perdidos | G6: Puntos ganados | H6: Puntos perdidos | I6: Total puntos | J6: % Gan/Per | K6: Promedio ganancia | L6: Promedio pérdida | O6: Notas y comentarios
A8: 1 | B8: Lunes | D8: =+E8+F8 -> 0 | E8: 0 | F8: 0 | G8: 0 | H8: 0 | I8: =G8-H8 -> 0 | J8: =IF(SUM(E8:F8),E8/SUM(E8:F8), 0%) -> 0 | K8: =IF(E8>0, G8/E8,0) -> 0 | L8: =IF(F8>0,H8/F8,0) -> 0 | M8: 0
B9: Martes | D9: =+E9+F9 -> 0 | E9: 0 | F9: 0 | G9: 0 | H9: 0 | I9: =G9-H9 -> 0 | J9: =IF(SUM(E9:F9),E9/SUM(E9:F9), 0%) -> 0 | K9: =IF(E9>0, G9/E9,0) -> 0 | L9: =IF(F9>0,H9/F9,0) -> 0 | M9: 0
B10: Miércoles | C10: 46022 | D10: 0 | E10: 0 | F10: 0 | G10: 0 | H10: 0 | I10: =G10-H10 -> 0 | J10: =IF(SUM(E10:F10),E10/SUM(E10:F10), 0%) -> 0 | K10: =IF(E10>0, G10/E10,0) -> 0 | L10: =IF(F10>0,H10/F10,0) -> 0 | M10: 0
B11: Jueves | C11: =C10+1 -> 46023 | D11: =+E11+F11 -> 0 | E11: 0 | F11: 0 | G11: 0 | H11: 0 | I11: =G11-H11 -> 0 | J11: =IF(SUM(E11:F11),E11/SUM(E11:F11), 0%) -> 0 | K11: =IF(E11>0, G11/E11,0) -> 0 | L11: =IF(F11>0,H11/F11,0) -> 0 | M11: 0
B12: Viernes | C12: =C11+1 -> 46024 | D12: =+E12+F12 -> 0 | E12: 0 | F12: 0 | G12: 0 | H12: 0 | I12: =G12-H12 -> 0 | J12: =IF(SUM(E12:F12),E12/SUM(E12:F12), 0%) -> 0 | K12: =IF(E12>0, G12/E12,0) -> 0 | L12: =IF(F12>0,H12/F12,0) -> 0 | M12: 0
C14: Total semana | D14: =SUM(D8:D12) -> 0 | E14: =SUM(E8:E12) -> 0 | F14: =SUM(F8:F12) -> 0 | G14: =SUM(G8:G12) -> 0 | H14: =SUM(H8:H12) -> 0 | I14: =SUM(I8:I12) -> 0 | J14: =IF(SUM(E14:F14),E14/SUM(E14:F14), 0%) -> 0 | K14: =IF(E14>0, G14/E14,0) -> 0 | L14: =IF(F14>0,H14/F14,0) -> 0 | M14: =SUM(M8:M12) -> 0
A16: 2 | B16: Lunes | C16: =C12+3 -> 46027 | D16: 0 | E16: 0 | F16: 0 | G16: 0 | H16: 0 | I16: =G16-H16 -> 0 | J16: =IF(SUM(E16:F16),E16/SUM(E16:F16), 0%) -> 0 | K16: =IF(E16>0, G16/E16,0) -> 0 | L16: =IF(F16>0,H16/F16,0) -> 0 | M16: 0
B17: Martes | C17: =C16+1 -> 46028 | D17: 0 | E17: 0 | F17: 0 | G17: 0 | H17: 0 | I17: =G17-H17 -> 0 | J17: =IF(SUM(E17:F17),E17/SUM(E17:F17), 0%) -> 0 | K17: =IF(E17>0, G17/E17,0) -> 0 | L17: =IF(F17>0,H17/F17,0) -> 0 | M17: 0
B18: Miércoles | C18: =C17+1 -> 46029 | D18: 0 | E18: 0 | F18: 0 | G18: 0 | H18: 0 | I18: =G18-H18 -> 0 | J18: =IF(SUM(E18:F18),E18/SUM(E18:F18), 0%) -> 0 | K18: =IF(E18>0, G18/E18,0) -> 0 | L18: =IF(F18>0,H18/F18,0) -> 0 | M18: 0
B19: Jueves | C19: =C18+1 -> 46030 | D19: 0 | E19: 0 | F19: 0 | G19: 0 | H19: 0 | I19: =G19-H19 -> 0 | J19: =IF(SUM(E19:F19),E19/SUM(E19:F19), 0%) -> 0 | K19: =IF(E19>0, G19/E19,0) -> 0 | L19: =IF(F19>0,H19/F19,0) -> 0 | M19: 0
B20: Viernes | C20: =C19+1 -> 46031 | D20: 0 | E20: 0 | F20: 0 | G20: 0 | H20: 0 | I20: =G20-H20 -> 0 | J20: =IF(SUM(E20:F20),E20/SUM(E20:F20), 0%) -> 0 | K20: =IF(E20>0, G20/E20,0) -> 0 | L20: =IF(F20>0,H20/F20,0) -> 0 | M20: 0
C22: Total semana | D22: =SUM(D16:D20) -> 0 | E22: =SUM(E16:E20) -> 0 | F22: =SUM(F16:F20) -> 0 | G22: =SUM(G16:G20) -> 0 | H22: =SUM(H16:H20) -> 0 | I22: =SUM(I16:I20) -> 0 | J22: =IF(SUM(E22:F22),E22/SUM(E22:F22), 0%) -> 0 | K22: =IF(E22>0, G22/E22,0) -> 0 | L22: =IF(F22>0,H22/F22,0) -> 0 | M22: =SUM(M16:M20) -> 0
A24: 3 | B24: Lunes | C24: =C20+3 -> 46034 | D24: 0 | E24: 0 | F24: 0 | G24: 0 | H24: 0 | I24: =G24-H24 -> 0 | J24: =IF(SUM(E24:F24),E24/SUM(E24:F24), 0%) -> 0 | K24: =IF(E24>0, G24/E24,0) -> 0 | L24: =IF(F24>0,H24/F24,0) -> 0 | M24: 0
B25: Martes | C25: =C24+1 -> 46035 | D25: 0 | E25: 0 | F25: 0 | G25: 0 | H25: 0 | I25: =G25-H25 -> 0 | J25: =IF(SUM(E25:F25),E25/SUM(E25:F25), 0%) -> 0 | K25: =IF(E25>0, G25/E25,0) -> 0 | L25: =IF(F25>0,H25/F25,0) -> 0 | M25: 0
B26: Miércoles | C26: =C25+1 -> 46036 | D26: 0 | E26: 0 | F26: 0 | G26: 0 | H26: 0 | I26: =G26-H26 -> 0 | J26: =IF(SUM(E26:F26),E26/SUM(E26:F26), 0%) -> 0 | K26: =IF(E26>0, G26/E26,0) -> 0 | L26: =IF(F26>0,H26/F26,0) -> 0 | M26: 0
B27: Jueves | C27: =C26+1 -> 46037 | D27: 0 | E27: 0 | F27: 0 | G27: 0 | H27: 0 | I27: =G27-H27 -> 0 | J27: =IF(SUM(E27:F27),E27/SUM(E27:F27), 0%) -> 0 | K27: =IF(E27>0, G27/E27,0) -> 0 | L27: =IF(F27>0,H27/F27,0) -> 0 | M27: 0
B28: Viernes | C28: =C27+1 -> 46038 | D28: 0 | E28: 0 | F28: 0 | G28: 0 | H28: 0 | I28: =G28-H28 -> 0 | J28: =IF(SUM(E28:F28),E28/SUM(E28:F28), 0%) -> 0 | K28: =IF(E28>0, G28/E28,0) -> 0 | L28: =IF(F28>0,H28/F28,0) -> 0 | M28: 0
C30: Total semana | D30: =SUM(D24:D28) -> 0 | E30: =SUM(E24:E28) -> 0 | F30: =SUM(F24:F28) -> 0 | G30: =SUM(G24:G28) -> 0 | H30: =SUM(H24:H28) -> 0 | I30: =SUM(I24:I28) -> 0 | J30: =IF(SUM(E30:F30),E30/SUM(E30:F30), 0%) -> 0 | K30: =IF(E30>0, G30/E30,0) -> 0 | L30: =IF(F30>0,H30/F30,0) -> 0 | M30: =SUM(M24:M28) -> 0
A32: 4 | B32: Lunes | C32: =C28+3 -> 46041 | D32: 0 | E32: 0 | F32: 0 | G32: 0 | H32: 0 | I32: =G32-H32 -> 0 | J32: =IF(SUM(E32:F32),E32/SUM(E32:F32), 0%) -> 0 | K32: =IF(E32>0, G32/E32,0) -> 0 | L32: =IF(F32>0,H32/F32,0) -> 0 | M32: 0
B33: Martes | C33: =C32+1 -> 46042 | D33: 0 | E33: 0 | F33: 0 | G33: 0 | H33: 0 | I33: =G33-H33 -> 0 | J33: =IF(SUM(E33:F33),E33/SUM(E33:F33), 0%) -> 0 | K33: =IF(E33>0, G33/E33,0) -> 0 | L33: =IF(F33>0,H33/F33,0) -> 0 | M33: 0
B34: Miércoles | C34: =C33+1 -> 46043 | D34: 0 | E34: 0 | F34: 0 | G34: 0 | H34: 0 | I34: =G34-H34 -> 0 | J34: =IF(SUM(E34:F34),E34/SUM(E34:F34), 0%) -> 0 | K34: =IF(E34>0, G34/E34,0) -> 0 | L34: =IF(F34>0,H34/F34,0) -> 0 | M34: 0
B35: Jueves | C35: =C34+1 -> 46044 | D35: 0 | E35: 0 | F35: 0 | G35: 0 | H35: 0 | I35: =G35-H35 -> 0 | J35: =IF(SUM(E35:F35),E35/SUM(E35:F35), 0%) -> 0 | K35: =IF(E35>0, G35/E35,0) -> 0 | L35: =IF(F35>0,H35/F35,0) -> 0 | M35: 0
B36: Viernes | C36: =C35+1 -> 46045 | D36: 0 | E36: 0 | F36: 0 | G36: 0 | H36: 0 | I36: =G36-H36 -> 0 | J36: =IF(SUM(E36:F36),E36/SUM(E36:F36), 0%) -> 0 | K36: =IF(E36>0, G36/E36,0) -> 0 | L36: =IF(F36>0,H36/F36,0) -> 0 | M36: 0
C38: Total semana | D38: =SUM(D32:D36) -> 0 | E38: =SUM(E32:E36) -> 0 | F38: =SUM(F32:F36) -> 0 | G38: =SUM(G32:G36) -> 0 | H38: =SUM(H32:H36) -> 0 | I38: =SUM(I32:I36) -> 0 | J38: =IF(SUM(E38:F38),E38/SUM(E38:F38), 0%) -> 0 | K38: =IF(E38>0, G38/E38,0) -> 0 | L38: =IF(F38>0,H38/F38,0) -> 0 | M38: =SUM(M32:M36) -> 0
B40: Lunes | C40: =C36+3 -> 46048 | D40: 0 | E40: 0 | F40: 0 | G40: 0 | H40: 0 | I40: =G40-H40 -> 0 | J40: =IF(SUM(E40:F40),E40/SUM(E40:F40), 0%) -> 0 | K40: =IF(E40>0, G40/E40,0) -> 0 | L40: =IF(F40>0,H40/F40,0) -> 0
B41: Martes | C41: =C40+1 -> 46049 | D41: 0 | E41: 0 | F41: 0 | G41: 0 | H41: 0 | I41: =G41-H41 -> 0 | J41: =IF(SUM(E41:F41),E41/SUM(E41:F41), 0%) -> 0 | K41: =IF(E41>0, G41/E41,0) -> 0 | L41: =IF(F41>0,H41/F41,0) -> 0
B42: Miércoles | C42: =C41+1 -> 46050 | D42: 0 | E42: 0 | F42: 0 | G42: 0 | H42: 0 | I42: =G42-H42 -> 0 | J42: =IF(SUM(E42:F42),E42/SUM(E42:F42), 0%) -> 0 | K42: =IF(E42>0, G42/E42,0) -> 0 | L42: =IF(F42>0,H42/F42,0) -> 0
B43: Jueves | C43: =C42+1 -> 46051 | D43: 0 | E43: 0 | F43: 0 | G43: 0 | H43: 0 | I43: =G43-H43 -> 0 | J43: =IF(SUM(E43:F43),E43/SUM(E43:F43), 0%) -> 0 | K43: =IF(E43>0, G43/E43,0) -> 0 | L43: =IF(F43>0,H43/F43,0) -> 0
B44: Viernes | C44: =C43+1 -> 46052 | D44: 0 | E44: 0 | F44: 0 | G44: 0 | H44: 0 | I44: =G44-H44 -> 0 | J44: =IF(SUM(E44:F44),E44/SUM(E44:F44), 0%) -> 0 | K44: =IF(E44>0, G44/E44,0) -> 0 | L44: =IF(F44>0,H44/F44,0) -> 0
C46: Total semana | D46: =SUM(D32:D36) -> 0 | E46: =SUM(E32:E36) -> 0 | F46: =SUM(F32:F36) -> 0 | G46: =SUM(G32:G36) -> 0 | H46: =SUM(H32:H36) -> 0 | I46: =SUM(I32:I36) -> 0 | J46: =IF(SUM(E46:F46),E46/SUM(E46:F46), 0%) -> 0 | K46: =IF(E46>0, G46/E46,0) -> 0 | L46: =IF(F46>0,H46/F46,0) -> 0 | M46: =SUM(M32:M36) -> 0
C48: Total mes | D48: =D14+D22+D46+D30 -> 0 | E48: =E14+E22+E46+E30 -> 0 | F48: =F14+F22+F46+F30 -> 0 | G48: =G14+G22+G46+G30 -> 0 | H48: =H14+H22+H46+H30 -> 0 | I48: =I14+I22+I46+I30 -> 0 | J48: =J14+J22+J46+J30+J38 -> 0 | K48: =K14+K22+K46+K30 -> 0 | L48: =L14+L22+L46+L30 -> 0 | M48: =M14+M22+M30+M46+#REF! -> #REF!

Sheet Feb
C1: Diligencie unicamente las celdas verdes | F1: Total | G1: Comisiones | I1: Resultado | J1: Balance inicial | K1: =+(K2-J2)/J2 -> 0
C2: Ganancia o perdida del mes | F2: =I40*5*F3 -> 0 | G2: =-D40*D3*F3 -> 0 | I2: =(F2*F3)+G2 -> 0 | J2: 1250 | K2: =I2+J2 -> 1250
C3: Comision | D3: 3 | E3: Cant. Contratos | F3: 1
C6: Fecha | D6: Total Trades | E6: #Ganados | F6: #Perdidos | G6: Puntos ganados | H6: Puntos perdidos | I6: Total puntos | J6: % Gan/Per | K6: Promedio ganancia | L6: Promedio Perdida | O6: Notas y comentarios
A8: 2 | B8: Lunes | C8: 46055 | D8: 0 | E8: 0 | F8: 0 | G8: 0 | H8: 0 | I8: =G8-H8 -> 0 | J8: =IF(SUM(E8:F8),E8/SUM(E8:F8), 0%) -> 0 | K8: =IF(E8>0, G8/E8,0) -> 0 | L8: =IF(F8>0,H8/F8,0) -> 0 | M8: 0
B9: Martes | C9: =C8+1 -> 46056 | D9: 0 | E9: 0 | F9: 0 | G9: 0 | H9: 0 | I9: =G9-H9 -> 0 | J9: =IF(SUM(E9:F9),E9/SUM(E9:F9), 0%) -> 0 | K9: =IF(E9>0, G9/E9,0) -> 0 | L9: =IF(F9>0,H9/F9,0) -> 0 | M9: 0
B10: Miércoles | C10: =C9+1 -> 46057 | D10: 0 | E10: 0 | F10: 0 | G10: 0 | H10: 0 | I10: =G10-H10 -> 0 | J10: =IF(SUM(E10:F10),E10/SUM(E10:F10), 0%) -> 0 | K10: =IF(E10>0, G10/E10,0) -> 0 | L10: =IF(F10>0,H10/F10,0) -> 0 | M10: 0
B11: Jueves | C11: =C10+1 -> 46058 | D11: 0 | E11: 0 | F11: 0 | G11: 0 | H11: 0 | I11: =G11-H11 -> 0 | J11: =IF(SUM(E11:F11),E11/SUM(E11:F11), 0%) -> 0 | K11: =IF(E11>0, G11/E11,0) -> 0 | L11: =IF(F11>0,H11/F11,0) -> 0 | M11: 0
B12: Viernes | C12: =C11+1 -> 46059 | D12: 0 | E12: 0 | F12: 0 | G12: 0 | H12: 0 | I12: =G12-H12 -> 0 | J12: =IF(SUM(E12:F12),E12/SUM(E12:F12), 0%) -> 0 | K12: =IF(E12>0, G12/E12,0) -> 0 | L12: =IF(F12>0,H12/F12,0) -> 0 | M12: 0
C14: Total semana | D14: =SUM(D8:D12) -> 0 | E14: =SUM(E8:E12) -> 0 | F14: =SUM(F8:F12) -> 0 | G14: =SUM(G8:G12) -> 0 | H14: =SUM(H8:H12) -> 0 | I14: =SUM(I8:I12) -> 0 | J14: =IF(SUM(E14:F14),E14/SUM(E14:F14), 0%) -> 0 | K14: =IF(E14>0, G14/E14,0) -> 0 | L14: =IF(F14>0,H14/F14,0) -> 0 | M14: =SUM(M8:M12) -> 0
A16: 3 | B16: Lunes | C16: =C12+3 -> 46062 | D16: 0 | E16: 0 | F16: 0 | G16: 0 | H16: 0 | I16: =G16-H16 -> 0 | J16: =IF(SUM(E16:F16),E16/SUM(E16:F16), 0%) -> 0 | K16: =IF(E16>0, G16/E16,0) -> 0 | L16: =IF(F16>0,H16/F16,0) -> 0 | M16: 0
B17: Martes | C17: =C16+1 -> 46063 | D17: 0 | E17: 0 | F17: 0 | G17: 0 | H17: 0 | I17: =G17-H17 -> 0 | J17: =IF(SUM(E17:F17),E17/SUM(E17:F17), 0%) -> 0 | K17: =IF(E17>0, G17/E17,0) -> 0 | L17: =IF(F17>0,H17/F17,0) -> 0 | M17: 0
B18: Miércoles | C18: =C17+1 -> 46064 | D18: 0 | E18: 0 | F18: 0 | G18: 0 | H18: 0 | I18: =G18-H18 -> 0 | J18: =IF(SUM(E18:F18),E18/SUM(E18:F18), 0%) -> 0 | K18: =IF(E18>0, G18/E18,0) -> 0 | L18: =IF(F18>0,H18/F18,0) -> 0 | M18: 0
B19: Jueves | C19: =C18+1 -> 46065 | D19: 0 | E19: 0 | F19: 0 | G19: 0 | H19: 0 | I19: =G19-H19 -> 0 | J19: =IF(SUM(E19:F19),E19/SUM(E19:F19), 0%) -> 0 | K19: =IF(E19>0, G19/E19,0) -> 0 | L19: =IF(F19>0,H19/F19,0) -> 0 | M19: 0
B20: Viernes | C20: =C19+1 -> 46066 | D20: 0 | E20: 0 | F20: 0 | G20: 0 | H20: 0 | I20: =G20-H20 -> 0 | J20: =IF(SUM(E20:F20),E20/SUM(E20:F20), 0%) -> 0 | K20: =IF(E20>0, G20/E20,0) -> 0 | L20: =IF(F20>0,H20/F20,0) -> 0 | M20: 0
C22: Total semana | D22: =SUM(D16:D20) -> 0 | E22: =SUM(E16:E20) -> 0 | F22: =SUM(F16:F20) -> 0 | G22: =SUM(G16:G20) -> 0 | H22: =SUM(H16:H20) -> 0 | I22: =SUM(I16:I20) -> 0 | J22: =IF(SUM(E22:F22),E22/SUM(E22:F22), 0%) -> 0 | K22: =IF(E22>0, G22/E22,0) -> 0 | L22: =IF(F22>0,H22/F22,0) -> 0 | M22: =SUM(M16:M20) -> 0
A24: 4 | B24: Lunes | C24: =C20+3 -> 46069 | D24: 0 | E24: 0 | F24: 0 | G24: 0 | H24: 0 | I24: =G24-H24 -> 0 | J24: =IF(SUM(E24:F24),E24/SUM(E24:F24), 0%) -> 0 | K24: =IF(E24>0, G24/E24,0) -> 0 | L24: =IF(F24>0,H24/F24,0) -> 0 | M24: 0
B25: Martes | C25: =C24+1 -> 46070 | D25: 0 | E25: 0 | F25: 0 | G25: 0 | H25: 0 | I25: =G25-H25 -> 0 | J25: =IF(SUM(E25:F25),E25/SUM(E25:F25), 0%) -> 0 | K25: =IF(E25>0, G25/E25,0) -> 0 | L25: =IF(F25>0,H25/F25,0) -> 0 | M25: 0
B26: Miércoles | C26: =C25+1 -> 46071 | D26: 0 | E26: 0 | F26: 0 | G26: 0 | H26: 0 | I26: =G26-H26 -> 0 | J26: =IF(SUM(E26:F26),E26/SUM(E26:F26), 0%) -> 0 | K26: =IF(E26>0, G26/E26,0) -> 0 | L26: =IF(F26>0,H26/F26,0) -> 0 | M26: 0
B27: Jueves | C27: =C26+1 -> 46072 | D27: 0 | E27: 0 | F27: 0 | G27: 0 | H27: 0 | I27: =G27-H27 -> 0 | J27: =IF(SUM(E27:F27),E27/SUM(E27:F27), 0%) -> 0 | K27: =IF(E27>0, G27/E27,0) -> 0 | L27: =IF(F27>0,H27/F27,0) -> 0 | M27: 0
B28: Viernes | C28: =C27+1 -> 46073 | D28: 0 | E28: 0 | F28: 0 | G28: 0 | H28: 0 | I28: =G28-H28 -> 0 | J28: =IF(SUM(E28:F28),E28/SUM(E28:F28), 0%) -> 0 | K28: =IF(E28>0, G28/E28,0) -> 0 | L28: =IF(F28>0,H28/F28,0) -> 0 | M28: 0
C30: Total semana | D30: =SUM(D24:D28) -> 0 | E30: =SUM(E24:E28) -> 0 | F30: =SUM(F24:F28) -> 0 | G30: =SUM(G24:G28) -> 0 | H30: =SUM(H24:H28) -> 0 | I30: =SUM(I24:I28) -> 0 | J30: =IF(SUM(E30:F30),E30/SUM(E30:F30), 0%) -> 0 | K30: =IF(E30>0, G30/E30,0) -> 0 | L30: =IF(F30>0,H30/F30,0) -> 0 | M30: =SUM(M24:M28) -> 0
A32: 5 | B32: Lunes | C32: =C28+3 -> 46076 | D32: 0 | E32: 0 | F32: 0 | G32: 0 | H32: 0 | I32: =G32-H32 -> 0 | J32: =IF(SUM(E32:F32),E32/SUM(E32:F32), 0%) -> 0 | K32: =IF(E32>0, G32/E32,0) -> 0 | L32: =IF(F32>0,H32/F32,0) -> 0 | M32: 0
B33: Martes | C33: =C32+1 -> 46077 | D33: 0 | E33: 0 | F33: 0 | G33: 0 | H33: 0 | I33: =G33-H33 -> 0 | J33: =IF(SUM(E33:F33),E33/SUM(E33:F33), 0%) -> 0 | K33: =IF(E33>0, G33/E33,0) -> 0 | L33: =IF(F33>0,H33/F33,0) -> 0 | M33: 0
B34: Miércoles | C34: =C33+1 -> 46078 | D34: 0 | E34: 0 | F34: 0 | G34: 0 | H34: 0 | I34: =G34-H34 -> 0 | J34: =IF(SUM(E34:F34),E34/SUM(E34:F34), 0%) -> 0 | K34: =IF(E34>0, G34/E34,0) -> 0 | L34: =IF(F34>0,H34/F34,0) -> 0 | M34: 0
B35: Jueves | C35: =C34+1 -> 46079 | D35: 0 | E35: 0 | F35: 0 | G35: 0 | H35: 0 | I35: =G35-H35 -> 0 | J35: =IF(SUM(E35:F35),E35/SUM(E35:F35), 0%) -> 0 | K35: =IF(E35>0, G35/E35,0) -> 0 | L35: =IF(F35>0,H35/F35,0) -> 0 | M35: 0
B36: Viernes | C36: =C35+1 -> 46080 | D36: 0 | E36: 0 | F36: 0 | G36: 0 | H36: 0 | I36: =G36-H36 -> 0 | J36: =IF(SUM(E36:F36),E36/SUM(E36:F36), 0%) -> 0 | K36: =IF(E36>0, G36/E36,0) -> 0 | L36: =IF(F36>0,H36/F36,0) -> 0 | M36: 0
C38: Total semana | D38: =SUM(D32:D36) -> 0 | E38: =SUM(E32:E36) -> 0 | F38: =SUM(F32:F36) -> 0 | G38: =SUM(G32:G36) -> 0 | H38: =SUM(H32:H36) -> 0 | I38: =SUM(I32:I36) -> 0 | J38: =IF(SUM(E38:F38),E38/SUM(E38:F38), 0%) -> 0 | K38: =IF(E38>0, G38/E38,0) -> 0 | L38: =IF(F38>0,H38/F38,0) -> 0 | M38: =SUM(M32:M36) -> 0
C40: Total mes | D40: =D14+D30+D22+D38 -> 0 | E40: =E14+E30+E22+E38 -> 0 | F40: =F14+F30+F22+F38 -> 0 | G40: =G14+G30+G22+G38 -> 0 | H40: =H14+H30+H22+H38 -> 0 | I40: =I14+I30+I22+I38 -> 0 | J40: =J14+J30+J22+J38 -> 0 | K40: =K14+K30+K22+K38 -> 0 | L40: =L14+L30+L22+L38 -> 0 | M40: =#REF!+M14+M22+M30+M38 -> #REF!

Sheet Mar
C1: Diligencie unicamente las celdas verdes | F1: Total | G1: Comisiones | I1: Resultado | J1: Balance inicial | K1: =+(K2-J2)/J2 -> 0
C2: Ganancia o perdida del mes | F2: =I48*5*F3 -> 0 | G2: =-D48*D3*F3 -> 0 | I2: =(F2*F3)+G2 -> 0 | J2: 1250 | K2: =I2+J2 -> 1250
C3: Comision | D3: 3 | E3: Cant. Contratos | F3: 1
C6: Fecha | D6: Total Trades | E6: #Ganados | F6: #Perdidos | G6: Puntos ganados | H6: Puntos perdidos | I6: Total puntos | J6: % Gan/Per | K6: Promedio ganancia | L6: Promedio Perdida | O6: Notas y comentarios
A8: 2 | B8: Lunes | C8: 46083 | D8: 0 | E8: 0 | F8: 0 | G8: 0 | H8: 0 | I8: =G8-H8 -> 0 | J8: =IF(SUM(E8:F8),E8/SUM(E8:F8), 0%) -> 0 | K8: =IF(E8>0, G8/E8,0) -> 0 | L8: =IF(F8>0,H8/F8,0) -> 0 | M8: 0
B9: Martes | C9: =C8+1 -> 46084 | D9: 0 | E9: 0 | F9: 0 | G9: 0 | H9: 0 | I9: =G9-H9 -> 0 | J9: =IF(SUM(E9:F9),E9/SUM(E9:F9), 0%) -> 0 | K9: =IF(E9>0, G9/E9,0) -> 0 | L9: =IF(F9>0,H9/F9,0) -> 0 | M9: 0
B10: Miércoles | C10: =C9+1 -> 46085 | D10: 0 | E10: 0 | F10: 0 | G10: 0 | H10: 0 | I10: =G10-H10 -> 0 | J10: =IF(SUM(E10:F10),E10/SUM(E10:F10), 0%) -> 0 | K10: =IF(E10>0, G10/E10,0) -> 0 | L10: =IF(F10>0,H10/F10,0) -> 0 | M10: 0
B11: Jueves | C11: =C10+1 -> 46086 | D11: 0 | E11: 0 | F11: 0 | G11: 0 | H11: 0 | I11: =G11-H11 -> 0 | J11: =IF(SUM(E11:F11),E11/SUM(E11:F11), 0%) -> 0 | K11: =IF(E11>0, G11/E11,0) -> 0 | L11: =IF(F11>0,H11/F11,0) -> 0 | M11: 0
B12: Viernes | C12: =C11+1 -> 46087 | D12: 0 | E12: 0 | F12: 0 | G12: 0 | H12: 0 | I12: =G12-H12 -> 0 | J12: =IF(SUM(E12:F12),E12/SUM(E12:F12), 0%) -> 0 | K12: =IF(E12>0, G12/E12,0) -> 0 | L12: =IF(F12>0,H12/F12,0) -> 0 | M12: 0
C14: Total semana | D14: =SUM(D8:D12) -> 0 | E14: =SUM(E8:E12) -> 0 | F14: =SUM(F8:F12) -> 0 | G14: =SUM(G8:G12) -> 0 | H14: =SUM(H8:H12) -> 0 | I14: =SUM(I8:I12) -> 0 | J14: =IF(SUM(E14:F14),E14/SUM(E14:F14), 0%) -> 0 | K14: =IF(E14>0, G14/E14,0) -> 0 | L14: =IF(F14>0,H14/F14,0) -> 0 | M14: =SUM(M8:M12) -> 0
A16: 3 | B16: Lunes | C16: =C12+3 -> 46090 | D16: 0 | E16: 0 | F16: 0 | G16: 0 | H16: 0 | I16: =G16-H16 -> 0 | J16: =IF(SUM(E16:F16),E16/SUM(E16:F16), 0%) -> 0 | K16: =IF(E16>0, G16/E16,0) -> 0 | L16: =IF(F16>0,H16/F16,0) -> 0 | M16: 0
B17: Martes | C17: =C16+1 -> 46091 | D17: 0 | E17: 0 | F17: 0 | G17: 0 | H17: 0 | I17: =G17-H17 -> 0 | J17: =IF(SUM(E17:F17),E17/SUM(E17:F17), 0%) -> 0 | K17: =IF(E17>0, G17/E17,0) -> 0 | L17: =IF(F17>0,H17/F17,0) -> 0 | M17: 0
B18: Miércoles | C18: =C17+1 -> 46092 | D18: 0 | E18: 0 | F18: 0 | G18: 0 | H18: 0 | I18: =G18-H18 -> 0 | J18: =IF(SUM(E18:F18),E18/SUM(E18:F18), 0%) -> 0 | K18: =IF(E18>0, G18/E18,0) -> 0 | L18: =IF(F18>0,H18/F18,0) -> 0 | M18: 0
B19: Jueves | C19: =C18+1 -> 46093 | D19: 0 | E19: 0 | F19: 0 | G19: 0 | H19: 0 | I19: =G19-H19 -> 0 | J19: =IF(SUM(E19:F19),E19/SUM(E19:F19), 0%) -> 0 | K19: =IF(E19>0, G19/E19,0) -> 0 | L19: =IF(F19>0,H19/F19,0) -> 0 | M19: 0
B20: Viernes | C20: =C19+1 -> 46094 | D20: 0 | E20: 0 | F20: 0 | G20: 0 | H20: 0 | I20: =G20-H20 -> 0 | J20: =IF(SUM(E20:F20),E20/SUM(E20:F20), 0%) -> 0 | K20: =IF(E20>0, G20/E20,0) -> 0 | L20: =IF(F20>0,H20/F20,0) -> 0 | M20: 0
C22: Total semana | D22: =SUM(D16:D20) -> 0 | E22: =SUM(E16:E20) -> 0 | F22: =SUM(F16:F20) -> 0 | G22: =SUM(G16:G20) -> 0 | H22: =SUM(H16:H20) -> 0 | I22: =SUM(I16:I20) -> 0 | J22: =IF(SUM(E22:F22),E22/SUM(E22:F22), 0%) -> 0 | K22: =IF(E22>0, G22/E22,0) -> 0 | L22: =IF(F22>0,H22/F22,0) -> 0 | M22: =SUM(M16:M20) -> 0
A24: 4 | B24: Lunes | C24: =C20+3 -> 46097 | D24: 0 | E24: 0 | F24: 0 | G24: 0 | H24: 0 | I24: =G24-H24 -> 0 | J24: =IF(SUM(E24:F24),E24/SUM(E24:F24), 0%) -> 0 | K24: =IF(E24>0, G24/E24,0) -> 0 | L24: =IF(F24>0,H24/F24,0) -> 0 | M24: 0
B25: Martes | C25: =C24+1 -> 46098 | D25: 0 | E25: 0 | F25: 0 | G25: 0 | H25: 0 | I25: =G25-H25 -> 0 | J25: =IF(SUM(E25:F25),E25/SUM(E25:F25), 0%) -> 0 | K25: =IF(E25>0, G25/E25,0) -> 0 | L25: =IF(F25>0,H25/F25,0) -> 0 | M25: 0
B26: Miércoles | C26: =C25+1 -> 46099 | D26: 0 | E26: 0 | F26: 0 | G26: 0 | H26: 0 | I26: =G26-H26 -> 0 | J26: =IF(SUM(E26:F26),E26/SUM(E26:F26), 0%) -> 0 | K26: =IF(E26>0, G26/E26,0) -> 0 | L26: =IF(F26>0,H26/F26,0) -> 0 | M26: 0
B27: Jueves | C27: =C26+1 -> 46100 | D27: 0 | E27: 0 | F27: 0 | G27: 0 | H27: 0 | I27: =G27-H27 -> 0 | J27: =IF(SUM(E27:F27),E27/SUM(E27:F27), 0%) -> 0 | K27: =IF(E27>0, G27/E27,0) -> 0 | L27: =IF(F27>0,H27/F27,0) -> 0 | M27: 0
B28: Viernes | C28: =C27+1 -> 46101 | D28: 0 | E28: 0 | F28: 0 | G28: 0 | H28: 0 | I28: =G28-H28 -> 0 | J28: =IF(SUM(E28:F28),E28/SUM(E28:F28), 0%) -> 0 | K28: =IF(E28>0, G28/E28,0) -> 0 | L28: =IF(F28>0,H28/F28,0) -> 0 | M28: 0
C30: Total semana | D30: =SUM(D24:D28) -> 0 | E30: =SUM(E24:E28) -> 0 | F30: =SUM(F24:F28) -> 0 | G30: =SUM(G24:G28) -> 0 | H30: =SUM(H24:H28) -> 0 | I30: =SUM(I24:I28) -> 0 | J30: =IF(SUM(E30:F30),E30/SUM(E30:F30), 0%) -> 0 | K30: =IF(E30>0, G30/E30,0) -> 0 | L30: =IF(F30>0,H30/F30,0) -> 0 | M30: =SUM(M24:M28) -> 0
A32: 5 | B32: Lunes | C32: =C28+3 -> 46104 | D32: 0 | E32: 0 | F32: 0 | G32: 0 | H32: 0 | I32: =G32-H32 -> 0 | J32: =IF(SUM(E32:F32),E32/SUM(E32:F32), 0%) -> 0 | K32: =IF(E32>0, G32/E32,0) -> 0 | L32: =IF(F32>0,H32/F32,0) -> 0 | M32: 0
B33: Martes | C33: =C32+1 -> 46105 | D33: 0 | E33: 0 | F33: 0 | G33: 0 | H33: 0 | I33: =G33-H33 -> 0 | J33: =IF(SUM(E33:F33),E33/SUM(E33:F33), 0%) -> 0 | K33: =IF(E33>0, G33/E33,0) -> 0 | L33: =IF(F33>0,H33/F33,0) -> 0 | M33: 0
B34: Miércoles | C34: =C33+1 -> 46106 | D34: 0 | E34: 0 | F34: 0 | G34: 0 | H34: 0 | I34: =G34-H34 -> 0 | J34: =IF(SUM(E34:F34),E34/SUM(E34:F34), 0%) -> 0 | K34: =IF(E34>0, G34/E34,0) -> 0 | L34: =IF(F34>0,H34/F34,0) -> 0 | M34: 0
B35: Jueves | C35: =C34+1 -> 46107 | D35: 0 | E35: 0 | F35: 0 | G35: 0 | H35: 0 | I35: =G35-H35 -> 0 | J35: =IF(SUM(E35:F35),E35/SUM(E35:F35), 0%) -> 0 | K35: =IF(E35>0, G35/E35,0) -> 0 | L35: =IF(F35>0,H35/F35,0) -> 0 | M35: 0
B36: Viernes | C36: =C35+1 -> 46108 | D36: 0 | E36: 0 | F36: 0 | G36: 0 | H36: 0 | I36: =G36-H36 -> 0 | J36: =IF(SUM(E36:F36),E36/SUM(E36:F36), 0%) -> 0 | K36: =IF(E36>0, G36/E36,0) -> 0 | L36: =IF(F36>0,H36/F36,0) -> 0 | M36: 0
C38: Total semana | D38: =SUM(D32:D36) -> 0 | E38: =SUM(E32:E36) -> 0 | F38: =SUM(F32:F36) -> 0 | G38: =SUM(G32:G36) -> 0 | H38: =SUM(H32:H36) -> 0 | I38: =SUM(I32:I36) -> 0 | J38: =IF(SUM(E38:F38),E38/SUM(E38:F38), 0%) -> 0 | K38: =IF(E38>0, G38/E38,0) -> 0 | L38: =IF(F38>0,H38/F38,0) -> 0 | M38: =SUM(M32:M36) -> 0
A40: 5 | B40: Lunes | D40: 0 | E40: 0 | F40: 0 | G40: 0 | H40: 0 | I40: =G40-H40 -> 0 | J40: =IF(SUM(E40:F40),E40/SUM(E40:F40), 0%) -> 0 | K40: =IF(E40>0, G40/E40,0) -> 0 | L40: =IF(F40>0,H40/F40,0) -> 0 | M40: 0
B41: Martes | D41: 0 | E41: 0 | F41: 0 | G41: 0 | H41: 0 | I41: =G41-H41 -> 0 | J41: =IF(SUM(E41:F41),E41/SUM(E41:F41), 0%) -> 0 | K41: =IF(E41>0, G41/E41,0) -> 0 | L41: =IF(F41>0,H41/F41,0) -> 0 | M41: 0
B42: Miércoles | D42: 0 | E42: 0 | F42: 0 | G42: 0 | H42: 0 | I42: =G42-H42 -> 0 | J42: =IF(SUM(E42:F42),E42/SUM(E42:F42), 0%) -> 0 | K42: =IF(E42>0, G42/E42,0) -> 0 | L42: =IF(F42>0,H42/F42,0) -> 0 | M42: 0
B43: Jueves | D43: 0 | E43: 0 | F43: 0 | G43: 0 | H43: 0 | I43: =G43-H43 -> 0 | J43: =IF(SUM(E43:F43),E43/SUM(E43:F43), 0%) -> 0 | K43: =IF(E43>0, G43/E43,0) -> 0 | L43: =IF(F43>0,H43/F43,0) -> 0 | M43: 0
B44: Viernes | D44: 0 | E44: 0 | F44: 0 | G44: 0 | H44: 0 | I44: =G44-H44 -> 0 | J44: =IF(SUM(E44:F44),E44/SUM(E44:F44), 0%) -> 0 | K44: =IF(E44>0, G44/E44,0) -> 0 | L44: =IF(F44>0,H44/F44,0) -> 0 | M44: 0
C46: Total semana | D46: =SUM(D40:D44) -> 0 | E46: =SUM(E40:E44) -> 0 | F46: =SUM(F40:F44) -> 0 | G46: =SUM(G40:G44) -> 0 | H46: =SUM(H40:H44) -> 0 | I46: =SUM(I40:I44) -> 0 | J46: =IF(SUM(E46:F46),E46/SUM(E46:F46), 0%) -> 0 | K46: =IF(E46>0, G46/E46,0) -> 0 | L46: =IF(F46>0,H46/F46,0) -> 0 | M46: =SUM(M40:M44) -> 0
C48: Total mes | D48: =D14+D30+D22+D38+D46 -> 0 | E48: =E14+E30+E22+E38+E46 -> 0 | F48: =F14+F30+F22+F38+F46 -> 0 | G48: =G14+G30+G22+G38+G46 -> 0 | H48: =H14+H30+H22+H38+H46 -> 0 | I48: =I14+I30+I22+I38+I46 -> 0 | J48: =J14+J30+J22+J38+J46 -> 0 | K48: =K14+K30+K22+K38+K46 -> 0 | L48: =L14+L30+L22+L38+L46 -> 0 | M48: =#REF!+M14+M22+M30+M38 -> #REF!

Sheet Abr
C1: Diligencie unicamente las celdas verdes | F1: Total | G1: Comisiones | I1: Resultado | J1: Balance inicial | K1: =+(K2-J2)/J2 -> 0
C2: Ganancia o perdida del mes | F2: =I48*5*F3 -> 0 | G2: =-D48*D3*F3 -> 0 | I2: =(F2*F3)+G2 -> 0 | J2: 1250 | K2: =I2+J2 -> 1250
C3: Comision | D3: 3 | E3: Cant. Contratos | F3: 1
C6: Fecha | D6: Total Trades | E6: #Ganados | F6: #Perdidos | G6: Puntos ganados | H6: Puntos perdidos | I6: Total puntos | J6: % Gan/Per | K6: Promedio ganancia | L6: Promedio Perdida | O6: Notas y comentarios
A8: 1 | B8: Lunes | C8: 46111 | D8: 0 | E8: 0 | F8: 0 | G8: 0 | H8: 0 | I8: =G8-H8 -> 0 | J8: =IF(SUM(E8:F8),E8/SUM(E8:F8), 0%) -> 0 | K8: =IF(E8>0, G8/E8,0) -> 0 | L8: =IF(F8>0,H8/F8,0) -> 0 | M8: 0
B9: Martes | C9: =C8+1 -> 46112 | D9: 0 | E9: 0 | F9: 0 | G9: 0 | H9: 0 | I9: =G9-H9 -> 0 | J9: =IF(SUM(E9:F9),E9/SUM(E9:F9), 0%) -> 0 | K9: =IF(E9>0, G9/E9,0) -> 0 | L9: =IF(F9>0,H9/F9,0) -> 0 | M9: 0
B10: Miércoles | C10: =C9+1 -> 46113 | D10: 0 | E10: 0 | F10: 0 | G10: 0 | H10: 0 | I10: =G10-H10 -> 0 | J10: =IF(SUM(E10:F10),E10/SUM(E10:F10), 0%) -> 0 | K10: =IF(E10>0, G10/E10,0) -> 0 | L10: =IF(F10>0,H10/F10,0) -> 0 | M10: 0
B11: Jueves | C11: =C10+1 -> 46114 | D11: 0 | E11: 0 | F11: 0 | G11: 0 | H11: 0 | I11: =G11-H11 -> 0 | J11: =IF(SUM(E11:F11),E11/SUM(E11:F11), 0%) -> 0 | K11: =IF(E11>0, G11/E11,0) -> 0 | L11: =IF(F11>0,H11/F11,0) -> 0 | M11: 0
B12: Viernes | C12: =C11+1 -> 46115 | D12: 0 | E12: 0 | F12: 0 | G12: 0 | H12: 0 | I12: =G12-H12 -> 0 | J12: =IF(SUM(E12:F12),E12/SUM(E12:F12), 0%) -> 0 | K12: =IF(E12>0, G12/E12,0) -> 0 | L12: =IF(F12>0,H12/F12,0) -> 0 | M12: 0
C14: Total semana | D14: =SUM(D8:D12) -> 0 | E14: =SUM(E8:E12) -> 0 | F14: =SUM(F8:F12) -> 0 | G14: =SUM(G8:G12) -> 0 | H14: =SUM(H8:H12) -> 0 | I14: =SUM(I8:I12) -> 0 | J14: =IF(SUM(E14:F14),E14/SUM(E14:F14), 0%) -> 0 | K14: =IF(E14>0, G14/E14,0) -> 0 | L14: =IF(F14>0,H14/F14,0) -> 0 | M14: =SUM(M8:M12) -> 0
A16: 2 | B16: Lunes | C16: =C12+3 -> 46118 | D16: 0 | E16: 0 | F16: 0 | G16: 0 | H16: 0 | I16: =G16-H16 -> 0 | J16: =IF(SUM(E16:F16),E16/SUM(E16:F16), 0%) -> 0 | K16: =IF(E16>0, G16/E16,0) -> 0 | L16: =IF(F16>0,H16/F16,0) -> 0 | M16: 0
B17: Martes | C17: =C16+1 -> 46119 | D17: 0 | E17: 0 | F17: 0 | G17: 0 | H17: 0 | I17: =G17-H17 -> 0 | J17: =IF(SUM(E17:F17),E17/SUM(E17:F17), 0%) -> 0 | K17: =IF(E17>0, G17/E17,0) -> 0 | L17: =IF(F17>0,H17/F17,0) -> 0 | M17: 0
B18: Miércoles | C18: =C17+1 -> 46120 | D18: 0 | E18: 0 | F18: 0 | G18: 0 | H18: 0 | I18: =G18-H18 -> 0 | J18: =IF(SUM(E18:F18),E18/SUM(E18:F18), 0%) -> 0 | K18: =IF(E18>0, G18/E18,0) -> 0 | L18: =IF(F18>0,H18/F18,0) -> 0 | M18: 0
B19: Jueves | C19: =C18+1 -> 46121 | D19: 0 | E19: 0 | F19: 0 | G19: 0 | H19: 0 | I19: =G19-H19 -> 0 | J19: =IF(SUM(E19:F19),E19/SUM(E19:F19), 0%) -> 0 | K19: =IF(E19>0, G19/E19,0) -> 0 | L19: =IF(F19>0,H19/F19,0) -> 0 | M19: 0
B20: Viernes | C20: =C19+1 -> 46122 | D20: 0 | E20: 0 | F20: 0 | G20: 0 | H20: 0 | I20: =G20-H20 -> 0 | J20: =IF(SUM(E20:F20),E20/SUM(E20:F20), 0%) -> 0 | K20: =IF(E20>0, G20/E20,0) -> 0 | L20: =IF(F20>0,H20/F20,0) -> 0 | M20: 0
C22: Total semana | D22: =SUM(D16:D20) -> 0 | E22: =SUM(E16:E20) -> 0 | F22: =SUM(F16:F20) -> 0 | G22: =SUM(G16:G20) -> 0 | H22: =SUM(H16:H20) -> 0 | I22: =SUM(I16:I20) -> 0 | J22: =IF(SUM(E22:F22),E22/SUM(E22:F22), 0%) -> 0 | K22: =IF(E22>0, G22/E22,0) -> 0 | L22: =IF(F22>0,H22/F22,0) -> 0 | M22: =SUM(M16:M20) -> 0
A24: 3 | B24: Lunes | C24: =C20+3 -> 46125 | D24: 0 | E24: 0 | F24: 0 | G24: 0 | H24: 0 | I24: =G24-H24 -> 0 | J24: =IF(SUM(E24:F24),E24/SUM(E24:F24), 0%) -> 0 | K24: =IF(E24>0, G24/E24,0) -> 0 | L24: =IF(F24>0,H24/F24,0) -> 0 | M24: 0
B25: Martes | C25: =C24+1 -> 46126 | D25: 0 | E25: 0 | F25: 0 | G25: 0 | H25: 0 | I25: =G25-H25 -> 0 | J25: =IF(SUM(E25:F25),E25/SUM(E25:F25), 0%) -> 0 | K25: =IF(E25>0, G25/E25,0) -> 0 | L25: =IF(F25>0,H25/F25,0) -> 0 | M25: 0
B26: Miércoles | C26: =C25+1 -> 46127 | D26: 0 | E26: 0 | F26: 0 | G26: 0 | H26: 0 | I26: =G26-H26 -> 0 | J26: =IF(SUM(E26:F26),E26/SUM(E26:F26), 0%) -> 0 | K26: =IF(E26>0, G26/E26,0) -> 0 | L26: =IF(F26>0,H26/F26,0) -> 0 | M26: 0
B27: Jueves | C27: =C26+1 -> 46128 | D27: 0 | E27: 0 | F27: 0 | G27: 0 | H27: 0 | I27: =G27-H27 -> 0 | J27: =IF(SUM(E27:F27),E27/SUM(E27:F27), 0%) -> 0 | K27: =IF(E27>0, G27/E27,0) -> 0 | L27: =IF(F27>0,H27/F27,0) -> 0 | M27: 0
B28: Viernes | C28: =C27+1 -> 46129 | D28: 0 | E28: 0 | F28: 0 | G28: 0 | H28: 0 | I28: =G28-H28 -> 0 | J28: =IF(SUM(E28:F28),E28/SUM(E28:F28), 0%) -> 0 | K28: =IF(E28>0, G28/E28,0) -> 0 | L28: =IF(F28>0,H28/F28,0) -> 0 | M28: 0
C30: Total semana | D30: =SUM(D24:D28) -> 0 | E30: =SUM(E24:E28) -> 0 | F30: =SUM(F24:F28) -> 0 | G30: =SUM(G24:G28) -> 0 | H30: =SUM(H24:H28) -> 0 | I30: =SUM(I24:I28) -> 0 | J30: =IF(SUM(E30:F30),E30/SUM(E30:F30), 0%) -> 0 | K30: =IF(E30>0, G30/E30,0) -> 0 | L30: =IF(F30>0,H30/F30,0) -> 0 | M30: =SUM(M24:M28) -> 0
A32: 4 | B32: Lunes | C32: =C28+3 -> 46132 | D32: 0 | E32: 0 | F32: 0 | G32: 0 | H32: 0 | I32: =G32-H32 -> 0 | J32: =IF(SUM(E32:F32),E32/SUM(E32:F32), 0%) -> 0 | K32: =IF(E32>0, G32/E32,0) -> 0 | L32: =IF(F32>0,H32/F32,0) -> 0 | M32: 0
B33: Martes | C33: =C32+1 -> 46133 | D33: 0 | E33: 0 | F33: 0 | G33: 0 | H33: 0 | I33: =G33-H33 -> 0 | J33: =IF(SUM(E33:F33),E33/SUM(E33:F33), 0%) -> 0 | K33: =IF(E33>0, G33/E33,0) -> 0 | L33: =IF(F33>0,H33/F33,0) -> 0 | M33: 0
B34: Miércoles | C34: =C33+1 -> 46134 | D34: 0 | E34: 0 | F34: 0 | G34: 0 | H34: 0 | I34: =G34-H34 -> 0 | J34: =IF(SUM(E34:F34),E34/SUM(E34:F34), 0%) -> 0 | K34: =IF(E34>0, G34/E34,0) -> 0 | L34: =IF(F34>0,H34/F34,0) -> 0 | M34: 0
B35: Jueves | C35: =C34+1 -> 46135 | D35: 0 | E35: 0 | F35: 0 | G35: 0 | H35: 0 | I35: =G35-H35 -> 0 | J35: =IF(SUM(E35:F35),E35/SUM(E35:F35), 0%) -> 0 | K35: =IF(E35>0, G35/E35,0) -> 0 | L35: =IF(F35>0,H35/F35,0) -> 0 | M35: 0
B36: Viernes | C36: =C35+1 -> 46136 | D36: 0 | E36: 0 | F36: 0 | G36: 0 | H36: 0 | I36: =G36-H36 -> 0 | J36: =IF(SUM(E36:F36),E36/SUM(E36:F36), 0%) -> 0 | K36: =IF(E36>0, G36/E36,0) -> 0 | L36: =IF(F36>0,H36/F36,0) -> 0 | M36: 0
C38: Total semana | D38: =SUM(D32:D36) -> 0 | E38: =SUM(E32:E36) -> 0 | F38: =SUM(F32:F36) -> 0 | G38: =SUM(G32:G36) -> 0 | H38: =SUM(H32:H36) -> 0 | I38: =SUM(I32:I36) -> 0 | J38: =IF(SUM(E38:F38),E38/SUM(E38:F38), 0%) -> 0 | K38: =IF(E38>0, G38/E38,0) -> 0 | L38: =IF(F38>0,H38/F38,0) -> 0 | M38: =SUM(M32:M36) -> 0
B40: Lunes | C40: =C36+3 -> 46139 | D40: 0 | E40: 0 | F40: 0 | G40: 0 | H40: 0 | I40: =G40-H40 -> 0 | J40: =IF(SUM(E40:F40),E40/SUM(E40:F40), 0%) -> 0 | K40: =IF(E40>0, G40/E40,0) -> 0 | L40: =IF(F40>0,H40/F40,0) -> 0 | M40: 0
B41: Martes | C41: =C40+1 -> 46140 | D41: 0 | E41: 0 | F41: 0 | G41: 0 | H41: 0 | I41: =G41-H41 -> 0 | J41: =IF(SUM(E41:F41),E41/SUM(E41:F41), 0%) -> 0 | K41: =IF(E41>0, G41/E41,0) -> 0 | L41: =IF(F41>0,H41/F41,0) -> 0 | M41: 0
B42: Miércoles | C42: =C41+1 -> 46141 | D42: 0 | E42: 0 | F42: 0 | G42: 0 | H42: 0 | I42: =G42-H42 -> 0 | J42: =IF(SUM(E42:F42),E42/SUM(E42:F42), 0%) -> 0 | K42: =IF(E42>0, G42/E42,0) -> 0 | L42: =IF(F42>0,H42/F42,0) -> 0 | M42: 0
B43: Jueves | C43: =C42+1 -> 46142 | D43: 0 | E43: 0 | F43: 0 | G43: 0 | H43: 0 | I43: =G43-H43 -> 0 | J43: =IF(SUM(E43:F43),E43/SUM(E43:F43), 0%) -> 0 | K43: =IF(E43>0, G43/E43,0) -> 0 | L43: =IF(F43>0,H43/F43,0) -> 0 | M43: 0
B44: Viernes | C44: =C43+1 -> 46143 | D44: 0 | E44: 0 | F44: 0 | G44: 0 | H44: 0 | I44: =G44-H44 -> 0 | J44: =IF(SUM(E44:F44),E44/SUM(E44:F44), 0%) -> 0 | K44: =IF(E44>0, G44/E44,0) -> 0 | L44: =IF(F44>0,H44/F44,0) -> 0 | M44: 0
C46: Total semana | D46: =SUM(D40:D44) -> 0 | E46: =SUM(E40:E44) -> 0 | F46: =SUM(F40:F44) -> 0 | G46: =SUM(G40:G44) -> 0 | H46: =SUM(H40:H44) -> 0 | I46: =SUM(I40:I44) -> 0 | J46: =IF(SUM(E46:F46),E46/SUM(E46:F46), 0%) -> 0 | K46: =IF(E46>0, G46/E46,0) -> 0 | L46: =IF(F46>0,H46/F46,0) -> 0 | M46: =SUM(M40:M44) -> 0
C48: Total mes | D48: =D14+D22+D38+D30 -> 0 | E48: =E14+E22+E38+E30 -> 0 | F48: =F14+F22+F38+F30 -> 0 | G48: =G14+G22+G38+G30 -> 0 | H48: =H14+H22+H38+H30 -> 0 | I48: =I14+I22+I38+I30 -> 0 | J48: =J14+J22+J38+J30+J46 -> 0 | K48: =K14+K22+K38+K30 -> 0 | L48: =L14+L22+L38+L30 -> 0 | M48: =M14+M22+M30+M38+#REF! -> #REF!

Sheet May
C1: Diligencie unicamente las celdas verdes | F1: Total | G1: Comisiones | I1: Resultado | J1: Balance inicial | K1: =+(K2-J2)/J2 -> 0
C2: Ganancia o perdida del mes | F2: =I40*5*F3 -> 0 | G2: =-D40*D3*F3 -> 0 | I2: =(F2*F3)+G2 -> 0 | J2: 1250 | K2: =I2+J2 -> 1250
C3: Comision | D3: 3 | E3: Cant. Contratos | F3: 1
C6: Fecha | D6: Total Trades | E6: #Ganados | F6: #Perdidos | G6: Puntos ganados | H6: Puntos perdidos | I6: Total puntos | J6: % Gan/Per | K6: Promedio ganancia | L6: Promedio Perdida | O6: Notas y comentarios
A8: 2 | B8: Lunes | C8: 46146 | D8: 0 | E8: 0 | F8: 0 | G8: 0 | H8: 0 | I8: =G8-H8 -> 0 | J8: =IF(SUM(E8:F8),E8/SUM(E8:F8), 0%) -> 0 | K8: =IF(E8>0, G8/E8,0) -> 0 | L8: =IF(F8>0,H8/F8,0) -> 0 | M8: 0
B9: Martes | C9: =C8+1 -> 46147 | D9: 0 | E9: 0 | F9: 0 | G9: 0 | H9: 0 | I9: =G9-H9 -> 0 | J9: =IF(SUM(E9:F9),E9/SUM(E9:F9), 0%) -> 0 | K9: =IF(E9>0, G9/E9,0) -> 0 | L9: =IF(F9>0,H9/F9,0) -> 0 | M9: 0
B10: Miércoles | C10: =C9+1 -> 46148 | D10: 0 | E10: 0 | F10: 0 | G10: 0 | H10: 0 | I10: =G10-H10 -> 0 | J10: =IF(SUM(E10:F10),E10/SUM(E10:F10), 0%) -> 0 | K10: =IF(E10>0, G10/E10,0) -> 0 | L10: =IF(F10>0,H10/F10,0) -> 0 | M10: 0
B11: Jueves | C11: =C10+1 -> 46149 | D11: 0 | E11: 0 | F11: 0 | G11: 0 | H11: 0 | I11: =G11-H11 -> 0 | J11: =IF(SUM(E11:F11),E11/SUM(E11:F11), 0%) -> 0 | K11: =IF(E11>0, G11/E11,0) -> 0 | L11: =IF(F11>0,H11/F11,0) -> 0 | M11: 0
B12: Viernes | C12: =C11+1 -> 46150 | D12: 0 | E12: 0 | F12: 0 | G12: 0 | H12: 0 | I12: =G12-H12 -> 0 | J12: =IF(SUM(E12:F12),E12/SUM(E12:F12), 0%) -> 0 | K12: =IF(E12>0, G12/E12,0) -> 0 | L12: =IF(F12>0,H12/F12,0) -> 0 | M12: 0
C14: Total semana | D14: =SUM(D8:D12) -> 0 | E14: =SUM(E8:E12) -> 0 | F14: =SUM(F8:F12) -> 0 | G14: =SUM(G8:G12) -> 0 | H14: =SUM(H8:H12) -> 0 | I14: =SUM(I8:I12) -> 0 | J14: =IF(SUM(E14:F14),E14/SUM(E14:F14), 0%) -> 0 | K14: =IF(E14>0, G14/E14,0) -> 0 | L14: =IF(F14>0,H14/F14,0) -> 0 | M14: =SUM(M8:M12) -> 0
A16: 3 | B16: Lunes | C16: =C12+3 -> 46153 | D16: 0 | E16: 0 | F16: 0 | G16: 0 | H16: 0 | I16: =G16-H16 -> 0 | J16: =IF(SUM(E16:F16),E16/SUM(E16:F16), 0%) -> 0 | K16: =IF(E16>0, G16/E16,0) -> 0 | L16: =IF(F16>0,H16/F16,0) -> 0 | M16: 0
B17: Martes | C17: =C16+1 -> 46154 | D17: 0 | E17: 0 | F17: 0 | G17: 0 | H17: 0 | I17: =G17-H17 -> 0 | J17: =IF(SUM(E17:F17),E17/SUM(E17:F17), 0%) -> 0 | K17: =IF(E17>0, G17/E17,0) -> 0 | L17: =IF(F17>0,H17/F17,0) -> 0 | M17: 0
B18: Miércoles | C18: =C17+1 -> 46155 | D18: 0 | E18: 0 | F18: 0 | G18: 0 | H18: 0 | I18: =G18-H18 -> 0 | J18: =IF(SUM(E18:F18),E18/SUM(E18:F18), 0%) -> 0 | K18: =IF(E18>0, G18/E18,0) -> 0 | L18: =IF(F18>0,H18/F18,0) -> 0 | M18: 0
B19: Jueves | C19: =C18+1 -> 46156 | D19: 0 | E19: 0 | F19: 0 | G19: 0 | H19: 0 | I19: =G19-H19 -> 0 | J19: =IF(SUM(E19:F19),E19/SUM(E19:F19), 0%) -> 0 | K19: =IF(E19>0, G19/E19,0) -> 0 | L19: =IF(F19>0,H19/F19,0) -> 0 | M19: 0
B20: Viernes | C20: =C19+1 -> 46157 | D20: 0 | E20: 0 | F20: 0 | G20: 0 | H20: 0 | I20: =G20-H20 -> 0 | J20: =IF(SUM(E20:F20),E20/SUM(E20:F20), 0%) -> 0 | K20: =IF(E20>0, G20/E20,0) -> 0 | L20: =IF(F20>0,H20/F20,0) -> 0 | M20: 0
C22: Total semana | D22: =SUM(D16:D20) -> 0 | E22: =SUM(E16:E20) -> 0 | F22: =SUM(F16:F20) -> 0 | G22: =SUM(G16:G20) -> 0 | H22: =SUM(H16:H20) -> 0 | I22: =SUM(I16:I20) -> 0 | J22: =IF(SUM(E22:F22),E22/SUM(E22:F22), 0%) -> 0 | K22: =IF(E22>0, G22/E22,0) -> 0 | L22: =IF(F22>0,H22/F22,0) -> 0 | M22: =SUM(M16:M20) -> 0
A24: 4 | B24: Lunes | C24: =C20+3 -> 46160 | D24: 0 | E24: 0 | F24: 0 | G24: 0 | H24: 0 | I24: =G24-H24 -> 0 | J24: =IF(SUM(E24:F24),E24/SUM(E24:F24), 0%) -> 0 | K24: =IF(E24>0, G24/E24,0) -> 0 | L24: =IF(F24>0,H24/F24,0) -> 0 | M24: 0
B25: Martes | C25: =C24+1 -> 46161 | D25: 0 | E25: 0 | F25: 0 | G25: 0 | H25: 0 | I25: =G25-H25 -> 0 | J25: =IF(SUM(E25:F25),E25/SUM(E25:F25), 0%) -> 0 | K25: =IF(E25>0, G25/E25,0) -> 0 | L25: =IF(F25>0,H25/F25,0) -> 0 | M25: 0
B26: Miércoles | C26: =C25+1 -> 46162 | D26: 0 | E26: 0 | F26: 0 | G26: 0 | H26: 0 | I26: =G26-H26 -> 0 | J26: =IF(SUM(E26:F26),E26/SUM(E26:F26), 0%) -> 0 | K26: =IF(E26>0, G26/E26,0) -> 0 | L26: =IF(F26>0,H26/F26,0) -> 0 | M26: 0
B27: Jueves | C27: =C26+1 -> 46163 | D27: 0 | E27: 0 | F27: 0 | G27: 0 | H27: 0 | I27: =G27-H27 -> 0 | J27: =IF(SUM(E27:F27),E27/SUM(E27:F27), 0%) -> 0 | K27: =IF(E27>0, G27/E27,0) -> 0 | L27: =IF(F27>0,H27/F27,0) -> 0 | M27: 0
B28: Viernes | C28: =C27+1 -> 46164 | D28: 0 | E28: 0 | F28: 0 | G28: 0 | H28: 0 | I28: =G28-H28 -> 0 | J28: =IF(SUM(E28:F28),E28/SUM(E28:F28), 0%) -> 0 | K28: =IF(E28>0, G28/E28,0) -> 0 | L28: =IF(F28>0,H28/F28,0) -> 0 | M28: 0
C30: Total semana | D30: =SUM(D24:D28) -> 0 | E30: =SUM(E24:E28) -> 0 | F30: =SUM(F24:F28) -> 0 | G30: =SUM(G24:G28) -> 0 | H30: =SUM(H24:H28) -> 0 | I30: =SUM(I24:I28) -> 0 | J30: =IF(SUM(E30:F30),E30/SUM(E30:F30), 0%) -> 0 | K30: =IF(E30>0, G30/E30,0) -> 0 | L30: =IF(F30>0,H30/F30,0) -> 0 | M30: =SUM(M24:M28) -> 0
A32: 5 | B32: Lunes | C32: =C28+3 -> 46167 | D32: 0 | E32: 0 | F32: 0 | G32: 0 | H32: 0 | I32: =G32-H32 -> 0 | J32: =IF(SUM(E32:F32),E32/SUM(E32:F32), 0%) -> 0 | K32: =IF(E32>0, G32/E32,0) -> 0 | L32: =IF(F32>0,H32/F32,0) -> 0 | M32: 0
B33: Martes | C33: =C32+1 -> 46168 | D33: 0 | E33: 0 | F33: 0 | G33: 0 | H33: 0 | I33: =G33-H33 -> 0 | J33: =IF(SUM(E33:F33),E33/SUM(E33:F33), 0%) -> 0 | K33: =IF(E33>0, G33/E33,0) -> 0 | L33: =IF(F33>0,H33/F33,0) -> 0 | M33: 0
B34: Miércoles | C34: =C33+1 -> 46169 | D34: 0 | E34: 0 | F34: 0 | G34: 0 | H34: 0 | I34: =G34-H34 -> 0 | J34: =IF(SUM(E34:F34),E34/SUM(E34:F34), 0%) -> 0 | K34: =IF(E34>0, G34/E34,0) -> 0 | L34: =IF(F34>0,H34/F34,0) -> 0 | M34: 0
B35: Jueves | C35: =C34+1 -> 46170 | D35: 0 | E35: 0 | F35: 0 | G35: 0 | H35: 0 | I35: =G35-H35 -> 0 | J35: =IF(SUM(E35:F35),E35/SUM(E35:F35), 0%) -> 0 | K35: =IF(E35>0, G35/E35,0) -> 0 | L35: =IF(F35>0,H35/F35,0) -> 0 | M35: 0
B36: Viernes | C36: =C35+1 -> 46171 | D36: 0 | E36: 0 | F36: 0 | G36: 0 | H36: 0 | I36: =G36-H36 -> 0 | J36: =IF(SUM(E36:F36),E36/SUM(E36:F36), 0%) -> 0 | K36: =IF(E36>0, G36/E36,0) -> 0 | L36: =IF(F36>0,H36/F36,0) -> 0 | M36: 0
C38: Total semana | D38: =SUM(D32:D36) -> 0 | E38: =SUM(E32:E36) -> 0 | F38: =SUM(F32:F36) -> 0 | G38: =SUM(G32:G36) -> 0 | H38: =SUM(H32:H36) -> 0 | I38: =SUM(I32:I36) -> 0 | J38: =IF(SUM(E38:F38),E38/SUM(E38:F38), 0%) -> 0 | K38: =IF(E38>0, G38/E38,0) -> 0 | L38: =IF(F38>0,H38/F38,0) -> 0 | M38: =SUM(M32:M36) -> 0
C40: Total mes | D40: =D14+D30+D22+D38 -> 0 | E40: =E14+E30+E22+E38 -> 0 | F40: =F14+F30+F22+F38 -> 0 | G40: =G14+G30+G22+G38 -> 0 | H40: =H14+H30+H22+H38 -> 0 | I40: =I14+I30+I22+I38 -> 0 | J40: =J14+J30+J22+J38 -> 0 | K40: =K14+K30+K22+K38 -> 0 | L40: =L14+L30+L22+L38 -> 0 | M40: =#REF!+M14+M22+M30+M38 -> #REF!

Sheet Jun
C1: Diligencie unicamente las celdas verdes | F1: Total | G1: Comisiones | I1: Resultado | J1: Balance inicial | K1: =+(K2-J2)/J2 -> 0
C2: Ganancia o perdida del mes | F2: =I48*5*F3 -> 0 | G2: =-D48*D3*F3 -> 0 | I2: =(F2*F3)+G2 -> 0 | J2: 1250 | K2: =I2+J2 -> 1250
C3: Comision | D3: 3 | E3: Cant. Contratos | F3: 1
C6: Fecha | D6: Total Trades | E6: #Ganados | F6: #Perdidos | G6: Puntos ganados | H6: Puntos perdidos | I6: Total puntos | J6: % Gan/Per | K6: Promedio ganancia | L6: Promedio Perdida | O6: Notas y comentarios
A8: 1 | B8: Lunes | C8: 46174 | D8: 0 | E8: 0 | F8: 0 | G8: 0 | H8: 0 | I8: =G8-H8 -> 0 | J8: =IF(SUM(E8:F8),E8/SUM(E8:F8), 0%) -> 0 | K8: =IF(E8>0, G8/E8,0) -> 0 | L8: =IF(F8>0,H8/F8,0) -> 0 | M8: 0
B9: Martes | C9: =+C8+1 -> 46175 | D9: 0 | E9: 0 | F9: 0 | G9: 0 | H9: 0 | I9: =G9-H9 -> 0 | J9: =IF(SUM(E9:F9),E9/SUM(E9:F9), 0%) -> 0 | K9: =IF(E9>0, G9/E9,0) -> 0 | L9: =IF(F9>0,H9/F9,0) -> 0 | M9: 0
B10: Miércoles | C10: =+C9+1 -> 46176 | D10: 0 | E10: 0 | F10: 0 | G10: 0 | H10: 0 | I10: =G10-H10 -> 0 | J10: =IF(SUM(E10:F10),E10/SUM(E10:F10), 0%) -> 0 | K10: =IF(E10>0, G10/E10,0) -> 0 | L10: =IF(F10>0,H10/F10,0) -> 0 | M10: 0
B11: Jueves | C11: =+C10+1 -> 46177 | D11: 0 | E11: 0 | F11: 0 | G11: 0 | H11: 0 | I11: =G11-H11 -> 0 | J11: =IF(SUM(E11:F11),E11/SUM(E11:F11), 0%) -> 0 | K11: =IF(E11>0, G11/E11,0) -> 0 | L11: =IF(F11>0,H11/F11,0) -> 0 | M11: 0
B12: Viernes | C12: =+C11+1 -> 46178 | D12: 0 | E12: 0 | F12: 0 | G12: 0 | H12: 0 | I12: =G12-H12 -> 0 | J12: =IF(SUM(E12:F12),E12/SUM(E12:F12), 0%) -> 0 | K12: =IF(E12>0, G12/E12,0) -> 0 | L12: =IF(F12>0,H12/F12,0) -> 0 | M12: 0
C14: Total semana | D14: =SUM(D8:D12) -> 0 | E14: =SUM(E8:E12) -> 0 | F14: =SUM(F8:F12) -> 0 | G14: =SUM(G8:G12) -> 0 | H14: =SUM(H8:H12) -> 0 | I14: =SUM(I8:I12) -> 0 | J14: =IF(SUM(E14:F14),E14/SUM(E14:F14), 0%) -> 0 | K14: =IF(E14>0, G14/E14,0) -> 0 | L14: =IF(F14>0,H14/F14,0) -> 0 | M14: =SUM(M8:M12) -> 0
A16: 2 | B16: Lunes | C16: =+C12+3 -> 46181 | D16: 0 | E16: 0 | F16: 0 | G16: 0 | H16: 0 | I16: =G16-H16 -> 0 | J16: =IF(SUM(E16:F16),E16/SUM(E16:F16), 0%) -> 0 | K16: =IF(E16>0, G16/E16,0) -> 0 | L16: =IF(F16>0,H16/F16,0) -> 0 | M16: 0
B17: Martes | C17: =C16+1 -> 46182 | D17: 0 | E17: 0 | F17: 0 | G17: 0 | H17: 0 | I17: =G17-H17 -> 0 | J17: =IF(SUM(E17:F17),E17/SUM(E17:F17), 0%) -> 0 | K17: =IF(E17>0, G17/E17,0) -> 0 | L17: =IF(F17>0,H17/F17,0) -> 0 | M17: 0
B18: Miércoles | C18: =C17+1 -> 46183 | D18: 0 | E18: 0 | F18: 0 | G18: 0 | H18: 0 | I18: =G18-H18 -> 0 | J18: =IF(SUM(E18:F18),E18/SUM(E18:F18), 0%) -> 0 | K18: =IF(E18>0, G18/E18,0) -> 0 | L18: =IF(F18>0,H18/F18,0) -> 0 | M18: 0
B19: Jueves | C19: =C18+1 -> 46184 | D19: 0 | E19: 0 | F19: 0 | G19: 0 | H19: 0 | I19: =G19-H19 -> 0 | J19: =IF(SUM(E19:F19),E19/SUM(E19:F19), 0%) -> 0 | K19: =IF(E19>0, G19/E19,0) -> 0 | L19: =IF(F19>0,H19/F19,0) -> 0 | M19: 0
B20: Viernes | C20: =C19+1 -> 46185 | D20: 0 | E20: 0 | F20: 0 | G20: 0 | H20: 0 | I20: =G20-H20 -> 0 | J20: =IF(SUM(E20:F20),E20/SUM(E20:F20), 0%) -> 0 | K20: =IF(E20>0, G20/E20,0) -> 0 | L20: =IF(F20>0,H20/F20,0) -> 0 | M20: 0
C22: Total semana | D22: =SUM(D16:D20) -> 0 | E22: =SUM(E16:E20) -> 0 | F22: =SUM(F16:F20) -> 0 | G22: =SUM(G16:G20) -> 0 | H22: =SUM(H16:H20) -> 0 | I22: =SUM(I16:I20) -> 0 | J22: =IF(SUM(E22:F22),E22/SUM(E22:F22), 0%) -> 0 | K22: =IF(E22>0, G22/E22,0) -> 0 | L22: =IF(F22>0,H22/F22,0) -> 0 | M22: =SUM(M16:M20) -> 0
A24: 3 | B24: Lunes | C24: =C20+3 -> 46188 | D24: 0 | E24: 0 | F24: 0 | G24: 0 | H24: 0 | I24: =G24-H24 -> 0 | J24: =IF(SUM(E24:F24),E24/SUM(E24:F24), 0%) -> 0 | K24: =IF(E24>0, G24/E24,0) -> 0 | L24: =IF(F24>0,H24/F24,0) -> 0 | M24: 0
B25: Martes | C25: =C24+1 -> 46189 | D25: 0 | E25: 0 | F25: 0 | G25: 0 | H25: 0 | I25: =G25-H25 -> 0 | J25: =IF(SUM(E25:F25),E25/SUM(E25:F25), 0%) -> 0 | K25: =IF(E25>0, G25/E25,0) -> 0 | L25: =IF(F25>0,H25/F25,0) -> 0 | M25: 0
B26: Miércoles | C26: =C25+1 -> 46190 | D26: 0 | E26: 0 | F26: 0 | G26: 0 | H26: 0 | I26: =G26-H26 -> 0 | J26: =IF(SUM(E26:F26),E26/SUM(E26:F26), 0%) -> 0 | K26: =IF(E26>0, G26/E26,0) -> 0 | L26: =IF(F26>0,H26/F26,0) -> 0 | M26: 0
B27: Jueves | C27: =C26+1 -> 46191 | D27: 0 | E27: 0 | F27: 0 | G27: 0 | H27: 0 | I27: =G27-H27 -> 0 | J27: =IF(SUM(E27:F27),E27/SUM(E27:F27), 0%) -> 0 | K27: =IF(E27>0, G27/E27,0) -> 0 | L27: =IF(F27>0,H27/F27,0) -> 0 | M27: 0
B28: Viernes | C28: =C27+1 -> 46192 | D28: 0 | E28: 0 | F28: 0 | G28: 0 | H28: 0 | I28: =G28-H28 -> 0 | J28: =IF(SUM(E28:F28),E28/SUM(E28:F28), 0%) -> 0 | K28: =IF(E28>0, G28/E28,0) -> 0 | L28: =IF(F28>0,H28/F28,0) -> 0 | M28: 0
C30: Total semana | D30: =SUM(D24:D28) -> 0 | E30: =SUM(E24:E28) -> 0 | F30: =SUM(F24:F28) -> 0 | G30: =SUM(G24:G28) -> 0 | H30: =SUM(H24:H28) -> 0 | I30: =SUM(I24:I28) -> 0 | J30: =IF(SUM(E30:F30),E30/SUM(E30:F30), 0%) -> 0 | K30: =IF(E30>0, G30/E30,0) -> 0 | L30: =IF(F30>0,H30/F30,0) -> 0 | M30: =SUM(M24:M28) -> 0
A32: 4 | B32: Lunes | C32: =C28+3 -> 46195 | D32: 0 | E32: 0 | F32: 0 | G32: 0 | H32: 0 | I32: =G32-H32 -> 0 | J32: =IF(SUM(E32:F32),E32/SUM(E32:F32), 0%) -> 0 | K32: =IF(E32>0, G32/E32,0) -> 0 | L32: =IF(F32>0,H32/F32,0) -> 0 | M32: 0
B33: Martes | C33: =C32+1 -> 46196 | D33: 0 | E33: 0 | F33: 0 | G33: 0 | H33: 0 | I33: =G33-H33 -> 0 | J33: =IF(SUM(E33:F33),E33/SUM(E33:F33), 0%) -> 0 | K33: =IF(E33>0, G33/E33,0) -> 0 | L33: =IF(F33>0,H33/F33,0) -> 0 | M33: 0
B34: Miércoles | C34: =C33+1 -> 46197 | D34: 0 | E34: 0 | F34: 0 | G34: 0 | H34: 0 | I34: =G34-H34 -> 0 | J34: =IF(SUM(E34:F34),E34/SUM(E34:F34), 0%) -> 0 | K34: =IF(E34>0, G34/E34,0) -> 0 | L34: =IF(F34>0,H34/F34,0) -> 0 | M34: 0
B35: Jueves | C35: =C34+1 -> 46198 | D35: 0 | E35: 0 | F35: 0 | G35: 0 | H35: 0 | I35: =G35-H35 -> 0 | J35: =IF(SUM(E35:F35),E35/SUM(E35:F35), 0%) -> 0 | K35: =IF(E35>0, G35/E35,0) -> 0 | L35: =IF(F35>0,H35/F35,0) -> 0 | M35: 0
B36: Viernes | C36: =C35+1 -> 46199 | D36: 0 | E36: 0 | F36: 0 | G36: 0 | H36: 0 | I36: =G36-H36 -> 0 | J36: =IF(SUM(E36:F36),E36/SUM(E36:F36), 0%) -> 0 | K36: =IF(E36>0, G36/E36,0) -> 0 | L36: =IF(F36>0,H36/F36,0) -> 0 | M36: 0
C38: Total semana | D38: =SUM(D32:D36) -> 0 | E38: =SUM(E32:E36) -> 0 | F38: =SUM(F32:F36) -> 0 | G38: =SUM(G32:G36) -> 0 | H38: =SUM(H32:H36) -> 0 | I38: =SUM(I32:I36) -> 0 | J38: =IF(SUM(E38:F38),E38/SUM(E38:F38), 0%) -> 0 | K38: =IF(E38>0, G38/E38,0) -> 0 | L38: =IF(F38>0,H38/F38,0) -> 0 | M38: =SUM(M32:M36) -> 0
A40: 4 | B40: Lunes | C40: =C36+3 -> 46202 | D40: 0 | E40: 0 | F40: 0 | G40: 0 | H40: 0 | I40: =G40-H40 -> 0 | J40: =IF(SUM(E40:F40),E40/SUM(E40:F40), 0%) -> 0 | K40: =IF(E40>0, G40/E40,0) -> 0 | L40: =IF(F40>0,H40/F40,0) -> 0 | M40: 0
B41: Martes | C41: =C40+1 -> 46203 | D41: 0 | E41: 0 | F41: 0 | G41: 0 | H41: 0 | I41: =G41-H41 -> 0 | J41: =IF(SUM(E41:F41),E41/SUM(E41:F41), 0%) -> 0 | K41: =IF(E41>0, G41/E41,0) -> 0 | L41: =IF(F41>0,H41/F41,0) -> 0 | M41: 0
B42: Miércoles | C42: =C41+1 -> 46204 | D42: 0 | E42: 0 | F42: 0 | G42: 0 | H42: 0 | I42: =G42-H42 -> 0 | J42: =IF(SUM(E42:F42),E42/SUM(E42:F42), 0%) -> 0 | K42: =IF(E42>0, G42/E42,0) -> 0 | L42: =IF(F42>0,H42/F42,0) -> 0 | M42: 0
B43: Jueves | C43: =C42+1 -> 46205 | D43: 0 | E43: 0 | F43: 0 | G43: 0 | H43: 0 | I43: =G43-H43 -> 0 | J43: =IF(SUM(E43:F43),E43/SUM(E43:F43), 0%) -> 0 | K43: =IF(E43>0, G43/E43,0) -> 0 | L43: =IF(F43>0,H43/F43,0) -> 0 | M43: 0
B44: Viernes | C44: =C43+1 -> 46206 | D44: 0 | E44: 0 | F44: 0 | G44: 0 | H44: 0 | I44: =G44-H44 -> 0 | J44: =IF(SUM(E44:F44),E44/SUM(E44:F44), 0%) -> 0 | K44: =IF(E44>0, G44/E44,0) -> 0 | L44: =IF(F44>0,H44/F44,0) -> 0 | M44: 0
C46: Total semana | D46: =SUM(D40:D44) -> 0 | E46: =SUM(E40:E44) -> 0 | F46: =SUM(F40:F44) -> 0 | G46: =SUM(G40:G44) -> 0 | H46: =SUM(H40:H44) -> 0 | I46: =SUM(I40:I44) -> 0 | J46: =IF(SUM(E46:F46),E46/SUM(E46:F46), 0%) -> 0 | K46: =IF(E46>0, G46/E46,0) -> 0 | L46: =IF(F46>0,H46/F46,0) -> 0 | M46: =SUM(M40:M44) -> 0
C48: Total mes | D48: =D14+D22+D38+D30+D46 -> 0 | E48: =E14+E22+E38+E30+E46 -> 0 | F48: =F14+F22+F38+F30+F46 -> 0 | G48: =G14+G22+G38+G30+G46 -> 0 | H48: =H14+H22+H38+H30+H46 -> 0 | I48: =I14+I22+I38+I30+I46 -> 0 | J48: =J14+J22+J38+J30+J46 -> 0 | K48: =K14+K22+K38+K30+K46 -> 0 | L48: =L14+L22+L38+L30+L46 -> 0 | M48: =M14+M22+M30+M38+#REF! -> #REF!

Sheet Jul
C1: Diligencie unicamente las celdas verdes | F1: Total | G1: Comisiones | I1: Resultado | J1: Balance inicial | K1: =+(K2-J2)/J2 -> 0
C2: Ganancia o perdida del mes | F2: =I41*5*F3 -> 0 | G2: =-D41*D3*F3 -> 0 | I2: =(F2*F3)+G2 -> 0 | J2: 1250 | K2: =I2+J2 -> 1250
C3: Comision | D3: 3 | E3: Cant. Contratos | F3: 1
C6: Fecha | D6: Total Trades | E6: #Ganados | F6: #Perdidos | G6: Puntos ganados | H6: Puntos perdidos | I6: Total puntos | J6: % Gan/Per | K6: Promedio ganancia | L6: Promedio Perdida | O6: Notas y comentarios
A8: 1 | B8: Lunes | C8: 46209 | D8: 0 | E8: 0 | F8: 0 | G8: 0 | H8: 0 | I8: =G8-H8 -> 0 | J8: =IF(SUM(E8:F8),E8/SUM(E8:F8), 0%) -> 0 | K8: =IF(E8>0, G8/E8,0) -> 0 | L8: =IF(F8>0,H8/F8,0) -> 0 | M8: 0
B9: Martes | C9: =+C8+1 -> 46210 | D9: 0 | E9: 0 | F9: 0 | G9: 0 | H9: 0 | I9: =G9-H9 -> 0 | J9: =IF(SUM(E9:F9),E9/SUM(E9:F9), 0%) -> 0 | K9: =IF(E9>0, G9/E9,0) -> 0 | L9: =IF(F9>0,H9/F9,0) -> 0 | M9: 0
B10: Miércoles | C10: =C9+1 -> 46211 | D10: 0 | E10: 0 | F10: 0 | G10: 0 | H10: 0 | I10: =G10-H10 -> 0 | J10: =IF(SUM(E10:F10),E10/SUM(E10:F10), 0%) -> 0 | K10: =IF(E10>0, G10/E10,0) -> 0 | L10: =IF(F10>0,H10/F10,0) -> 0 | M10: 0
B11: Jueves | C11: =C10+1 -> 46212 | D11: 0 | E11: 0 | F11: 0 | G11: 0 | H11: 0 | I11: =G11-H11 -> 0 | J11: =IF(SUM(E11:F11),E11/SUM(E11:F11), 0%) -> 0 | K11: =IF(E11>0, G11/E11,0) -> 0 | L11: =IF(F11>0,H11/F11,0) -> 0 | M11: 0
B12: Viernes | C12: =C11+1 -> 46213 | D12: 0 | E12: 0 | F12: 0 | G12: 0 | H12: 0 | I12: =G12-H12 -> 0 | J12: =IF(SUM(E12:F12),E12/SUM(E12:F12), 0%) -> 0 | K12: =IF(E12>0, G12/E12,0) -> 0 | L12: =IF(F12>0,H12/F12,0) -> 0 | M12: 0
C14: Total semana | D14: =SUM(D8:D12) -> 0 | E14: =SUM(E8:E12) -> 0 | F14: =SUM(F8:F12) -> 0 | G14: =SUM(G8:G12) -> 0 | H14: =SUM(H8:H12) -> 0 | I14: =SUM(I8:I12) -> 0 | J14: =IF(SUM(E14:F14),E14/SUM(E14:F14), 0%) -> 0 | K14: =IF(E14>0, G14/E14,0) -> 0 | L14: =IF(F14>0,H14/F14,0) -> 0 | M14: =SUM(M8:M12) -> 0
A16: 2 | B16: Lunes | C16: =+C12+3 -> 46216 | D16: 0 | E16: 0 | F16: 0 | G16: 0 | H16: 0 | I16: =G16-H16 -> 0 | J16: =IF(SUM(E16:F16),E16/SUM(E16:F16), 0%) -> 0 | K16: =IF(E16>0, G16/E16,0) -> 0 | L16: =IF(F16>0,H16/F16,0) -> 0 | M16: 0
B17: Martes | C17: =C16+1 -> 46217 | D17: 0 | E17: 0 | F17: 0 | G17: 0 | H17: 0 | I17: =G17-H17 -> 0 | J17: =IF(SUM(E17:F17),E17/SUM(E17:F17), 0%) -> 0 | K17: =IF(E17>0, G17/E17,0) -> 0 | L17: =IF(F17>0,H17/F17,0) -> 0 | M17: 0
B18: Miércoles | C18: =C17+1 -> 46218 | D18: 0 | E18: 0 | F18: 0 | G18: 0 | H18: 0 | I18: =G18-H18 -> 0 | J18: =IF(SUM(E18:F18),E18/SUM(E18:F18), 0%) -> 0 | K18: =IF(E18>0, G18/E18,0) -> 0 | L18: =IF(F18>0,H18/F18,0) -> 0 | M18: 0
B19: Jueves | C19: =C18+1 -> 46219 | D19: 0 | E19: 0 | F19: 0 | G19: 0 | H19: 0 | I19: =G19-H19 -> 0 | J19: =IF(SUM(E19:F19),E19/SUM(E19:F19), 0%) -> 0 | K19: =IF(E19>0, G19/E19,0) -> 0 | L19: =IF(F19>0,H19/F19,0) -> 0 | M19: 0
B20: Viernes | C20: =C19+1 -> 46220 | D20: 0 | E20: 0 | F20: 0 | G20: 0 | H20: 0 | I20: =G20-H20 -> 0 | J20: =IF(SUM(E20:F20),E20/SUM(E20:F20), 0%) -> 0 | K20: =IF(E20>0, G20/E20,0) -> 0 | L20: =IF(F20>0,H20/F20,0) -> 0 | M20: 0
C22: Total semana | D22: =SUM(D16:D20) -> 0 | E22: =SUM(E16:E20) -> 0 | F22: =SUM(F16:F20) -> 0 | G22: =SUM(G16:G20) -> 0 | H22: =SUM(H16:H20) -> 0 | I22: =SUM(I16:I20) -> 0 | J22: =IF(SUM(E22:F22),E22/SUM(E22:F22), 0%) -> 0 | K22: =IF(E22>0, G22/E22,0) -> 0 | L22: =IF(F22>0,H22/F22,0) -> 0 | M22: =SUM(M16:M20) -> 0
A24: 3 | B24: Lunes | C24: =C20+3 -> 46223 | D24: 0 | E24: 0 | F24: 0 | G24: 0 | H24: 0 | I24: =G24-H24 -> 0 | J24: =IF(SUM(E24:F24),E24/SUM(E24:F24), 0%) -> 0 | K24: =IF(E24>0, G24/E24,0) -> 0 | L24: =IF(F24>0,H24/F24,0) -> 0 | M24: 0
B25: Martes | C25: =C24+1 -> 46224 | D25: 0 | E25: 0 | F25: 0 | G25: 0 | H25: 0 | I25: =G25-H25 -> 0 | J25: =IF(SUM(E25:F25),E25/SUM(E25:F25), 0%) -> 0 | K25: =IF(E25>0, G25/E25,0) -> 0 | L25: =IF(F25>0,H25/F25,0) -> 0 | M25: 0
B26: Miércoles | C26: =C25+1 -> 46225 | D26: 0 | E26: 0 | F26: 0 | G26: 0 | H26: 0 | I26: =G26-H26 -> 0 | J26: =IF(SUM(E26:F26),E26/SUM(E26:F26), 0%) -> 0 | K26: =IF(E26>0, G26/E26,0) -> 0 | L26: =IF(F26>0,H26/F26,0) -> 0 | M26: 0
B27: Jueves | C27: =C26+1 -> 46226 | D27: 0 | E27: 0 | F27: 0 | G27: 0 | H27: 0 | I27: =G27-H27 -> 0 | J27: =IF(SUM(E27:F27),E27/SUM(E27:F27), 0%) -> 0 | K27: =IF(E27>0, G27/E27,0) -> 0 | L27: =IF(F27>0,H27/F27,0) -> 0 | M27: 0
B28: Viernes | C28: =C27+1 -> 46227 | D28: 0 | E28: 0 | F28: 0 | G28: 0 | H28: 0 | I28: =G28-H28 -> 0 | J28: =IF(SUM(E28:F28),E28/SUM(E28:F28), 0%) -> 0 | K28: =IF(E28>0, G28/E28,0) -> 0 | L28: =IF(F28>0,H28/F28,0) -> 0 | M28: 0
C30: Total semana | D30: =SUM(D24:D28) -> 0 | E30: =SUM(E24:E28) -> 0 | F30: =SUM(F24:F28) -> 0 | G30: =SUM(G24:G28) -> 0 | H30: =SUM(H24:H28) -> 0 | I30: =SUM(I24:I28) -> 0 | J30: =IF(SUM(E30:F30),E30/SUM(E30:F30), 0%) -> 0 | K30: =IF(E30>0, G30/E30,0) -> 0 | L30: =IF(F30>0,H30/F30,0) -> 0 | M30: =SUM(M24:M28) -> 0
A32: 4 | B32: Lunes | C32: =C28+3 -> 46230 | D32: 0 | E32: 0 | F32: 0 | G32: 0 | H32: 0 | I32: =G32-H32 -> 0 | J32: =IF(SUM(E32:F32),E32/SUM(E32:F32), 0%) -> 0 | K32: =IF(E32>0, G32/E32,0) -> 0 | L32: =IF(F32>0,H32/F32,0) -> 0 | M32: 0
B33: Martes | C33: =C32+1 -> 46231 | D33: 0 | E33: 0 | F33: 0 | G33: 0 | H33: 0 | I33: =G33-H33 -> 0 | J33: =IF(SUM(E33:F33),E33/SUM(E33:F33), 0%) -> 0 | K33: =IF(E33>0, G33/E33,0) -> 0 | L33: =IF(F33>0,H33/F33,0) -> 0 | M33: 0
B34: Miércoles | C34: =C33+1 -> 46232 | D34: 0 | E34: 0 | F34: 0 | G34: 0 | H34: 0 | I34: =G34-H34 -> 0 | J34: =IF(SUM(E34:F34),E34/SUM(E34:F34), 0%) -> 0 | K34: =IF(E34>0, G34/E34,0) -> 0 | L34: =IF(F34>0,H34/F34,0) -> 0 | M34: 0
B35: Jueves | C35: =C34+1 -> 46233 | D35: 0 | E35: 0 | F35: 0 | G35: 0 | H35: 0 | I35: =G35-H35 -> 0 | J35: =IF(SUM(E35:F35),E35/SUM(E35:F35), 0%) -> 0 | K35: =IF(E35>0, G35/E35,0) -> 0 | L35: =IF(F35>0,H35/F35,0) -> 0 | M35: 0
B36: Viernes | C36: =C35+1 -> 46234 | D36: 0 | E36: 0 | F36: 0 | G36: 0 | H36: 0 | I36: =G36-H36 -> 0 | J36: =IF(SUM(E36:F36),E36/SUM(E36:F36), 0%) -> 0 | K36: =IF(E36>0, G36/E36,0) -> 0 | L36: =IF(F36>0,H36/F36,0) -> 0 | M36: 0
C38: Total semana | D38: =SUM(D32:D36) -> 0 | E38: =SUM(E32:E36) -> 0 | F38: =SUM(F32:F36) -> 0 | G38: =SUM(G32:G36) -> 0 | H38: =SUM(H32:H36) -> 0 | I38: =SUM(I32:I36) -> 0 | J38: =IF(SUM(E38:F38),E38/SUM(E38:F38), 0%) -> 0 | K38: =IF(E38>0, G38/E38,0) -> 0 | L38: =IF(F38>0,H38/F38,0) -> 0 | M38: =SUM(M32:M36) -> 0
C41: Total mes | D41: =D14+D22+D38+D30 -> 0 | E41: =E14+E22+E38+E30 -> 0 | F41: =F14+F22+F38+F30 -> 0 | G41: =G14+G22+G38+G30 -> 0 | H41: =H14+H22+H38+H30 -> 0 | I41: =I14+I22+I38+I30 -> 0 | J41: =J14+J22+J38+J30 -> 0 | K41: =K14+K22+K38+K30 -> 0 | L41: =L14+L22+L38+L30 -> 0 | M41: =M14+M22+M30+M38+#REF! -> #REF!

Sheet Ago
C1: Diligencie unicamente las celdas verdes | F1: Total | G1: Comisiones | I1: Resultado | J1: Balance inicial | K1: =+(K2-J2)/J2 -> 0
C2: Ganancia o perdida del mes | F2: =I42*5*F3 -> 0 | G2: =-D42*D3*F3 -> 0 | I2: =(F2*F3)+G2 -> 0 | J2: 1250 | K2: =I2+J2 -> 1250
C3: Comision | D3: 3 | E3: Cant. Contratos | F3: 1
C6: Fecha | D6: Total Trades | E6: #Ganados | F6: #Perdidos | G6: Puntos ganados | H6: Puntos perdidos | I6: Total puntos | J6: % Gan/Per | K6: Promedio ganancia | L6: Promedio Perdida | O6: Notas y comentarios
A8: 2 | B8: Lunes | C8: 46237 | D8: 0 | E8: 0 | F8: 0 | G8: 0 | H8: 0 | I8: =G8-H8 -> 0 | J8: =IF(SUM(E8:F8),E8/SUM(E8:F8), 0%) -> 0 | K8: =IF(E8>0, G8/E8,0) -> 0 | L8: =IF(F8>0,H8/F8,0) -> 0 | M8: 0
B9: Martes | C9: =C8+1 -> 46238 | D9: 0 | E9: 0 | F9: 0 | G9: 0 | H9: 0 | I9: =G9-H9 -> 0 | J9: =IF(SUM(E9:F9),E9/SUM(E9:F9), 0%) -> 0 | K9: =IF(E9>0, G9/E9,0) -> 0 | L9: =IF(F9>0,H9/F9,0) -> 0 | M9: 0
B10: Miércoles | C10: =C9+1 -> 46239 | D10: 0 | E10: 0 | F10: 0 | G10: 0 | H10: 0 | I10: =G10-H10 -> 0 | J10: =IF(SUM(E10:F10),E10/SUM(E10:F10), 0%) -> 0 | K10: =IF(E10>0, G10/E10,0) -> 0 | L10: =IF(F10>0,H10/F10,0) -> 0 | M10: 0
B11: Jueves | C11: =C10+1 -> 46240 | D11: 0 | E11: 0 | F11: 0 | G11: 0 | H11: 0 | I11: =G11-H11 -> 0 | J11: =IF(SUM(E11:F11),E11/SUM(E11:F11), 0%) -> 0 | K11: =IF(E11>0, G11/E11,0) -> 0 | L11: =IF(F11>0,H11/F11,0) -> 0 | M11: 0
B12: Viernes | C12: =C11+1 -> 46241 | D12: 0 | E12: 0 | F12: 0 | G12: 0 | H12: 0 | I12: =G12-H12 -> 0 | J12: =IF(SUM(E12:F12),E12/SUM(E12:F12), 0%) -> 0 | K12: =IF(E12>0, G12/E12,0) -> 0 | L12: =IF(F12>0,H12/F12,0) -> 0 | M12: 0
C14: Total semana | D14: =SUM(D8:D12) -> 0 | E14: =SUM(E8:E12) -> 0 | F14: =SUM(F8:F12) -> 0 | G14: =SUM(G8:G12) -> 0 | H14: =SUM(H8:H12) -> 0 | I14: =SUM(I8:I12) -> 0 | J14: =IF(SUM(E14:F14),E14/SUM(E14:F14), 0%) -> 0 | K14: =IF(E14>0, G14/E14,0) -> 0 | L14: =IF(F14>0,H14/F14,0) -> 0 | M14: =SUM(M8:M12) -> 0
A16: 3 | B16: Lunes | C16: =C12+3 -> 46244 | D16: 0 | E16: 0 | F16: 0 | G16: 0 | H16: 0 | I16: =G16-H16 -> 0 | J16: =IF(SUM(E16:F16),E16/SUM(E16:F16), 0%) -> 0 | K16: =IF(E16>0, G16/E16,0) -> 0 | L16: =IF(F16>0,H16/F16,0) -> 0 | M16: 0
B17: Martes | C17: =C16+1 -> 46245 | D17: 0 | E17: 0 | F17: 0 | G17: 0 | H17: 0 | I17: =G17-H17 -> 0 | J17: =IF(SUM(E17:F17),E17/SUM(E17:F17), 0%) -> 0 | K17: =IF(E17>0, G17/E17,0) -> 0 | L17: =IF(F17>0,H17/F17,0) -> 0 | M17: 0
B18: Miércoles | C18: =C17+1 -> 46246 | D18: 0 | E18: 0 | F18: 0 | G18: 0 | H18: 0 | I18: =G18-H18 -> 0 | J18: =IF(SUM(E18:F18),E18/SUM(E18:F18), 0%) -> 0 | K18: =IF(E18>0, G18/E18,0) -> 0 | L18: =IF(F18>0,H18/F18,0) -> 0 | M18: 0
B19: Jueves | C19: =C18+1 -> 46247 | D19: 0 | E19: 0 | F19: 0 | G19: 0 | H19: 0 | I19: =G19-H19 -> 0 | J19: =IF(SUM(E19:F19),E19/SUM(E19:F19), 0%) -> 0 | K19: =IF(E19>0, G19/E19,0) -> 0 | L19: =IF(F19>0,H19/F19,0) -> 0 | M19: 0
B20: Viernes | C20: =C19+1 -> 46248 | D20: 0 | E20: 0 | F20: 0 | G20: 0 | H20: 0 | I20: =G20-H20 -> 0 | J20: =IF(SUM(E20:F20),E20/SUM(E20:F20), 0%) -> 0 | K20: =IF(E20>0, G20/E20,0) -> 0 | L20: =IF(F20>0,H20/F20,0) -> 0 | M20: 0
C22: Total semana | D22: =SUM(D16:D20) -> 0 | E22: =SUM(E16:E20) -> 0 | F22: =SUM(F16:F20) -> 0 | G22: =SUM(G16:G20) -> 0 | H22: =SUM(H16:H20) -> 0 | I22: =SUM(I16:I20) -> 0 | J22: =IF(SUM(E22:F22),E22/SUM(E22:F22), 0%) -> 0 | K22: =IF(E22>0, G22/E22,0) -> 0 | L22: =IF(F22>0,H22/F22,0) -> 0 | M22: =SUM(M16:M20) -> 0
A24: 4 | B24: Lunes | C24: =C20+3 -> 46251 | D24: 0 | E24: 0 | F24: 0 | G24: 0 | H24: 0 | I24: =G24-H24 -> 0 | J24: =IF(SUM(E24:F24),E24/SUM(E24:F24), 0%) -> 0 | K24: =IF(E24>0, G24/E24,0) -> 0 | L24: =IF(F24>0,H24/F24,0) -> 0 | M24: 0
B25: Martes | C25: =C24+1 -> 46252 | D25: 0 | E25: 0 | F25: 0 | G25: 0 | H25: 0 | I25: =G25-H25 -> 0 | J25: =IF(SUM(E25:F25),E25/SUM(E25:F25), 0%) -> 0 | K25: =IF(E25>0, G25/E25,0) -> 0 | L25: =IF(F25>0,H25/F25,0) -> 0 | M25: 0
B26: Miércoles | C26: =C25+1 -> 46253 | D26: 0 | E26: 0 | F26: 0 | G26: 0 | H26: 0 | I26: =G26-H26 -> 0 | J26: =IF(SUM(E26:F26),E26/SUM(E26:F26), 0%) -> 0 | K26: =IF(E26>0, G26/E26,0) -> 0 | L26: =IF(F26>0,H26/F26,0) -> 0 | M26: 0
B27: Jueves | C27: =C26+1 -> 46254 | D27: 0 | E27: 0 | F27: 0 | G27: 0 | H27: 0 | I27: =G27-H27 -> 0 | J27: =IF(SUM(E27:F27),E27/SUM(E27:F27), 0%) -> 0 | K27: =IF(E27>0, G27/E27,0) -> 0 | L27: =IF(F27>0,H27/F27,0) -> 0 | M27: 0
B28: Viernes | C28: =C27+1 -> 46255 | D28: 0 | E28: 0 | F28: 0 | G28: 0 | H28: 0 | I28: =G28-H28 -> 0 | J28: =IF(SUM(E28:F28),E28/SUM(E28:F28), 0%) -> 0 | K28: =IF(E28>0, G28/E28,0) -> 0 | L28: =IF(F28>0,H28/F28,0) -> 0 | M28: 0
C30: Total semana | D30: =SUM(D24:D28) -> 0 | E30: =SUM(E24:E28) -> 0 | F30: =SUM(F24:F28) -> 0 | G30: =SUM(G24:G28) -> 0 | H30: =SUM(H24:H28) -> 0 | I30: =SUM(I24:I28) -> 0 | J30: =IF(SUM(E30:F30),E30/SUM(E30:F30), 0%) -> 0 | K30: =IF(E30>0, G30/E30,0) -> 0 | L30: =IF(F30>0,H30/F30,0) -> 0 | M30: =SUM(M24:M28) -> 0
A32: 5 | B32: Lunes | C32: =C28+3 -> 46258 | D32: 0 | E32: 0 | F32: 0 | G32: 0 | H32: 0 | I32: =G32-H32 -> 0 | J32: =IF(SUM(E32:F32),E32/SUM(E32:F32), 0%) -> 0 | K32: =IF(E32>0, G32/E32,0) -> 0 | L32: =IF(F32>0,H32/F32,0) -> 0 | M32: 0
B33: Martes | C33: =C32+1 -> 46259 | D33: 0 | E33: 0 | F33: 0 | G33: 0 | H33: 0 | I33: =G33-H33 -> 0 | J33: =IF(SUM(E33:F33),E33/SUM(E33:F33), 0%) -> 0 | K33: =IF(E33>0, G33/E33,0) -> 0 | L33: =IF(F33>0,H33/F33,0) -> 0 | M33: 0
B34: Miércoles | C34: =C33+1 -> 46260 | D34: 0 | E34: 0 | F34: 0 | G34: 0 | H34: 0 | I34: =G34-H34 -> 0 | J34: =IF(SUM(E34:F34),E34/SUM(E34:F34), 0%) -> 0 | K34: =IF(E34>0, G34/E34,0) -> 0 | L34: =IF(F34>0,H34/F34,0) -> 0 | M34: 0
B35: Jueves | C35: =+C34+1 -> 46261 | D35: 0 | E35: 0 | F35: 0 | G35: 0 | H35: 0 | I35: =G35-H35 -> 0 | J35: =IF(SUM(E35:F35),E35/SUM(E35:F35), 0%) -> 0 | K35: =IF(E35>0, G35/E35,0) -> 0 | L35: =IF(F35>0,H35/F35,0) -> 0 | M35: 0
B36: Viernes | C36: =+C35+1 -> 46262 | D36: 0 | E36: 0 | F36: 0 | G36: 0 | H36: 0 | I36: =G36-H36 -> 0 | J36: =IF(SUM(E36:F36),E36/SUM(E36:F36), 0%) -> 0 | K36: =IF(E36>0, G36/E36,0) -> 0 | L36: =IF(F36>0,H36/F36,0) -> 0 | M36: 0
C38: Total semana | D38: =SUM(D32:D36) -> 0 | E38: =SUM(E32:E36) -> 0 | F38: =SUM(F32:F36) -> 0 | G38: 0 | H38: =SUM(H32:H36) -> 0 | I38: =SUM(I32:I36) -> 0 | J38: =IF(SUM(E38:F38),E38/SUM(E38:F38), 0%) -> 0 | K38: =IF(E38>0, G38/E38,0) -> 0 | L38: =IF(F38>0,H38/F38,0) -> 0 | M38: =SUM(M32:M36) -> 0
C42: Total mes | D42: =D14+D30+D22+D38+D40 -> 0 | E42: =E14+E30+E22+E38+E40 -> 0 | F42: =F14+F30+F22+F38+F40 -> 0 | G42: =G14+G30+G22+G38+G40 -> 0 | H42: =H14+H30+H22+H38+H40 -> 0 | I42: =I14+I30+I22+I38+I40 -> 0 | J42: =J14+J30+J22+J38 -> 0 | K42: =K14+K30+K22+K38+K40 -> 0 | L42: =L14+L30+L22+L38+L40 -> 0 | M42: =#REF!+M14+M22+M30+M38 -> #REF!

Sheet Sep
C1: Diligencie unicamente las celdas verdes | F1: Total | G1: Comisiones | I1: Resultado | J1: Balance inicial | K1: =+(K2-J2)/J2 -> 0
C2: Ganancia o perdida del mes | F2: =I48*5*F3 -> 0 | G2: =-D48*D3*F3 -> 0 | I2: =(F2*F3)+G2 -> 0 | J2: 1250 | K2: =I2+J2 -> 1250
C3: Comision | D3: 3 | E3: Cant. Contratos | F3: 1
C6: Fecha | D6: Total Trades | E6: #Ganados | F6: #Perdidos | G6: Puntos ganados | H6: Puntos perdidos | I6: Total puntos | J6: % Gan/Per | K6: Promedio ganancia | L6: Promedio Perdida | O6: Notas y comentarios
A8: 1 | B8: Lunes | C8: 46265 | D8: 0 | E8: 0 | F8: 0 | G8: 0 | H8: 0 | I8: =G8-H8 -> 0 | J8: =IF(SUM(E8:F8),E8/SUM(E8:F8), 0%) -> 0 | K8: =IF(E8>0, G8/E8,0) -> 0 | L8: =IF(F8>0,H8/F8,0) -> 0 | M8: 0
B9: Martes | C9: =+C8+1 -> 46266 | D9: 0 | E9: 0 | F9: 0 | G9: 0 | H9: 0 | I9: =G9-H9 -> 0 | J9: =IF(SUM(E9:F9),E9/SUM(E9:F9), 0%) -> 0 | K9: =IF(E9>0, G9/E9,0) -> 0 | L9: =IF(F9>0,H9/F9,0) -> 0 | M9: 0
B10: Miércoles | C10: =+C9+1 -> 46267 | D10: 0 | E10: 0 | F10: 0 | G10: 0 | H10: 0 | I10: =G10-H10 -> 0 | J10: =IF(SUM(E10:F10),E10/SUM(E10:F10), 0%) -> 0 | K10: =IF(E10>0, G10/E10,0) -> 0 | L10: =IF(F10>0,H10/F10,0) -> 0 | M10: 0
B11: Jueves | C11: =+C10+1 -> 46268 | D11: 0 | E11: 0 | F11: 0 | G11: 0 | H11: 0 | I11: =G11-H11 -> 0 | J11: =IF(SUM(E11:F11),E11/SUM(E11:F11), 0%) -> 0 | K11: =IF(E11>0, G11/E11,0) -> 0 | L11: =IF(F11>0,H11/F11,0) -> 0 | M11: 0
B12: Viernes | C12: =+C11+1 -> 46269 | D12: 0 | E12: 0 | F12: 0 | G12: 0 | H12: 0 | I12: =G12-H12 -> 0 | J12: =IF(SUM(E12:F12),E12/SUM(E12:F12), 0%) -> 0 | K12: =IF(E12>0, G12/E12,0) -> 0 | L12: =IF(F12>0,H12/F12,0) -> 0 | M12: 0
C14: Total semana | D14: =SUM(D8:D12) -> 0 | E14: =SUM(E8:E12) -> 0 | F14: =SUM(F8:F12) -> 0 | G14: =SUM(G8:G12) -> 0 | H14: =SUM(H8:H12) -> 0 | I14: =SUM(I8:I12) -> 0 | J14: =IF(SUM(E14:F14),E14/SUM(E14:F14), 0%) -> 0 | K14: =IF(E14>0, G14/E14,0) -> 0 | L14: =IF(F14>0,H14/F14,0) -> 0 | M14: =SUM(M8:M12) -> 0
A16: 2 | B16: Lunes | C16: =+C12+3 -> 46272 | D16: 0 | E16: 0 | F16: 0 | G16: 0 | H16: 0 | I16: =G16-H16 -> 0 | J16: =IF(SUM(E16:F16),E16/SUM(E16:F16), 0%) -> 0 | K16: =IF(E16>0, G16/E16,0) -> 0 | L16: =IF(F16>0,H16/F16,0) -> 0 | M16: 0
B17: Martes | C17: =C16+1 -> 46273 | D17: 0 | E17: 0 | F17: 0 | G17: 0 | H17: 0 | I17: =G17-H17 -> 0 | J17: =IF(SUM(E17:F17),E17/SUM(E17:F17), 0%) -> 0 | K17: =IF(E17>0, G17/E17,0) -> 0 | L17: =IF(F17>0,H17/F17,0) -> 0 | M17: 0
B18: Miércoles | C18: =C17+1 -> 46274 | D18: 0 | E18: 0 | F18: 0 | G18: 0 | H18: 0 | I18: =G18-H18 -> 0 | J18: =IF(SUM(E18:F18),E18/SUM(E18:F18), 0%) -> 0 | K18: =IF(E18>0, G18/E18,0) -> 0 | L18: =IF(F18>0,H18/F18,0) -> 0 | M18: 0
B19: Jueves | C19: =C18+1 -> 46275 | D19: 0 | E19: 0 | F19: 0 | G19: 0 | H19: 0 | I19: =G19-H19 -> 0 | J19: =IF(SUM(E19:F19),E19/SUM(E19:F19), 0%) -> 0 | K19: =IF(E19>0, G19/E19,0) -> 0 | L19: =IF(F19>0,H19/F19,0) -> 0 | M19: 0
B20: Viernes | C20: =C19+1 -> 46276 | D20: 0 | E20: 0 | F20: 0 | G20: 0 | H20: 0 | I20: =G20-H20 -> 0 | J20: =IF(SUM(E20:F20),E20/SUM(E20:F20), 0%) -> 0 | K20: =IF(E20>0, G20/E20,0) -> 0 | L20: =IF(F20>0,H20/F20,0) -> 0 | M20: 0
C22: Total semana | D22: =SUM(D16:D20) -> 0 | E22: =SUM(E16:E20) -> 0 | F22: =SUM(F16:F20) -> 0 | G22: =SUM(G16:G20) -> 0 | H22: =SUM(H16:H20) -> 0 | I22: =SUM(I16:I20) -> 0 | J22: =IF(SUM(E22:F22),E22/SUM(E22:F22), 0%) -> 0 | K22: =IF(E22>0, G22/E22,0) -> 0 | L22: =IF(F22>0,H22/F22,0) -> 0 | M22: =SUM(M16:M20) -> 0
A24: 3 | B24: Lunes | C24: =C20+3 -> 46279 | D24: 0 | E24: 0 | F24: 0 | G24: 0 | H24: 0 | I24: =G24-H24 -> 0 | J24: =IF(SUM(E24:F24),E24/SUM(E24:F24), 0%) -> 0 | K24: =IF(E24>0, G24/E24,0) -> 0 | L24: =IF(F24>0,H24/F24,0) -> 0 | M24: 0
B25: Martes | C25: =+C24+1 -> 46280 | D25: 0 | E25: 0 | F25: 0 | G25: 0 | H25: 0 | I25: =G25-H25 -> 0 | J25: =IF(SUM(E25:F25),E25/SUM(E25:F25), 0%) -> 0 | K25: =IF(E25>0, G25/E25,0) -> 0 | L25: =IF(F25>0,H25/F25,0) -> 0 | M25: 0
B26: Miércoles | C26: =C25+1 -> 46281 | D26: 0 | E26: 0 | F26: 0 | G26: 0 | H26: 0 | I26: =G26-H26 -> 0 | J26: =IF(SUM(E26:F26),E26/SUM(E26:F26), 0%) -> 0 | K26: =IF(E26>0, G26/E26,0) -> 0 | L26: =IF(F26>0,H26/F26,0) -> 0 | M26: 0
B27: Jueves | C27: =C26+1 -> 46282 | D27: 0 | E27: 0 | F27: 0 | G27: 0 | H27: 0 | I27: =G27-H27 -> 0 | J27: =IF(SUM(E27:F27),E27/SUM(E27:F27), 0%) -> 0 | K27: =IF(E27>0, G27/E27,0) -> 0 | L27: =IF(F27>0,H27/F27,0) -> 0 | M27: 0
B28: Viernes | C28: =C27+1 -> 46283 | D28: 0 | E28: 0 | F28: 0 | G28: 0 | H28: 0 | I28: =G28-H28 -> 0 | J28: =IF(SUM(E28:F28),E28/SUM(E28:F28), 0%) -> 0 | K28: =IF(E28>0, G28/E28,0) -> 0 | L28: =IF(F28>0,H28/F28,0) -> 0 | M28: 0
C30: Total semana | D30: =SUM(D24:D28) -> 0 | E30: =SUM(E24:E28) -> 0 | F30: =SUM(F24:F28) -> 0 | G30: =SUM(G24:G28) -> 0 | H30: =SUM(H24:H28) -> 0 | I30: =SUM(I24:I28) -> 0 | J30: =IF(SUM(E30:F30),E30/SUM(E30:F30), 0%) -> 0 | K30: =IF(E30>0, G30/E30,0) -> 0 | L30: =IF(F30>0,H30/F30,0) -> 0 | M30: =SUM(M24:M28) -> 0
A32: 4 | B32: Lunes | C32: =C28+3 -> 46286 | D32: 0 | E32: 0 | F32: 0 | G32: 0 | H32: 0 | I32: =G32-H32 -> 0 | J32: =IF(SUM(E32:F32),E32/SUM(E32:F32), 0%) -> 0 | K32: =IF(E32>0, G32/E32,0) -> 0 | L32: =IF(F32>0,H32/F32,0) -> 0 | M32: 0
B33: Martes | C33: =C32+1 -> 46287 | D33: 0 | E33: 0 | F33: 0 | G33: 0 | H33: 0 | I33: =G33-H33 -> 0 | J33: =IF(SUM(E33:F33),E33/SUM(E33:F33), 0%) -> 0 | K33: =IF(E33>0, G33/E33,0) -> 0 | L33: =IF(F33>0,H33/F33,0) -> 0 | M33: 0
B34: Miércoles | C34: =C33+1 -> 46288 | D34: 0 | E34: 0 | F34: 0 | G34: 0 | H34: 0 | I34: =G34-H34 -> 0 | J34: =IF(SUM(E34:F34),E34/SUM(E34:F34), 0%) -> 0 | K34: =IF(E34>0, G34/E34,0) -> 0 | L34: =IF(F34>0,H34/F34,0) -> 0 | M34: 0
B35: Jueves | C35: =C34+1 -> 46289 | D35: 0 | E35: 0 | F35: 0 | G35: 0 | H35: 0 | I35: =G35-H35 -> 0 | J35: =IF(SUM(E35:F35),E35/SUM(E35:F35), 0%) -> 0 | K35: =IF(E35>0, G35/E35,0) -> 0 | L35: =IF(F35>0,H35/F35,0) -> 0 | M35: 0
B36: Viernes | C36: =C35+1 -> 46290 | D36: 0 | E36: 0 | F36: 0 | G36: 0 | H36: 0 | I36: =G36-H36 -> 0 | J36: =IF(SUM(E36:F36),E36/SUM(E36:F36), 0%) -> 0 | K36: =IF(E36>0, G36/E36,0) -> 0 | L36: =IF(F36>0,H36/F36,0) -> 0 | M36: 0
C38: Total semana | D38: =SUM(D32:D36) -> 0 | E38: =SUM(E32:E36) -> 0 | F38: =SUM(F32:F36) -> 0 | G38: =SUM(G32:G36) -> 0 | H38: =SUM(H32:H36) -> 0 | I38: =SUM(I32:I36) -> 0 | J38: =IF(SUM(E38:F38),E38/SUM(E38:F38), 0%) -> 0 | K38: =IF(E38>0, G38/E38,0) -> 0 | L38: =IF(F38>0,H38/F38,0) -> 0 | M38: =SUM(M32:M36) -> 0
B40: Lunes | C40: =C36+3 -> 46293 | D40: 0 | E40: 0 | F40: 0 | G40: 0 | H40: 0 | I40: =G40-H40 -> 0 | J40: =IF(SUM(E40:F40),E40/SUM(E40:F40), 0%) -> 0 | K40: =IF(E40>0, G40/E40,0) -> 0 | L40: =IF(F40>0,H40/F40,0) -> 0 | M40: 0
B41: Martes | C41: =C40+1 -> 46294 | D41: 0 | E41: 0 | F41: 0 | G41: 0 | H41: 0 | I41: =G41-H41 -> 0 | J41: =IF(SUM(E41:F41),E41/SUM(E41:F41), 0%) -> 0 | K41: =IF(E41>0, G41/E41,0) -> 0 | L41: =IF(F41>0,H41/F41,0) -> 0 | M41: 0
B42: Miércoles | C42: =C41+1 -> 46295 | D42: 0 | E42: 0 | F42: 0 | G42: 0 | H42: 0 | I42: =G42-H42 -> 0 | J42: =IF(SUM(E42:F42),E42/SUM(E42:F42), 0%) -> 0 | K42: =IF(E42>0, G42/E42,0) -> 0 | L42: =IF(F42>0,H42/F42,0) -> 0 | M42: 0
B43: Jueves | C43: =C42+1 -> 46296 | D43: 0 | E43: 0 | F43: 0 | G43: 0 | H43: 0 | I43: =G43-H43 -> 0 | J43: =IF(SUM(E43:F43),E43/SUM(E43:F43), 0%) -> 0 | K43: =IF(E43>0, G43/E43,0) -> 0 | L43: =IF(F43>0,H43/F43,0) -> 0 | M43: 0
B44: Viernes | C44: =C43+1 -> 46297 | D44: 0 | E44: 0 | F44: 0 | G44: 0 | H44: 0 | I44: =G44-H44 -> 0 | J44: =IF(SUM(E44:F44),E44/SUM(E44:F44), 0%) -> 0 | K44: =IF(E44>0, G44/E44,0) -> 0 | L44: =IF(F44>0,H44/F44,0) -> 0 | M44: 0
C46: Total semana | D46: =SUM(D40:D44) -> 0 | E46: =SUM(E40:E44) -> 0 | F46: =SUM(F40:F44) -> 0 | G46: =SUM(G40:G44) -> 0 | H46: =SUM(H40:H44) -> 0 | I46: =SUM(I40:I44) -> 0 | J46: =IF(SUM(E46:F46),E46/SUM(E46:F46), 0%) -> 0 | K46: =IF(E46>0, G46/E46,0) -> 0 | L46: =IF(F46>0,H46/F46,0) -> 0 | M46: =SUM(M40:M44) -> 0
C48: Total mes | D48: =D14+D22+D38+D30 -> 0 | E48: =E14+E22+E38+E30 -> 0 | F48: =F14+F22+F38+F30 -> 0 | G48: =G14+G22+G38+G30 -> 0 | H48: =H14+H22+H38+H30 -> 0 | I48: =I14+I22+I38+I30 -> 0 | J48: =J14+J22+J38+J30 -> 0 | K48: =K14+K22+K38+K30 -> 0 | L48: =L14+L22+L38+L30 -> 0 | M48: =M14+M22+M30+M38+#REF! -> #REF!

Sheet Oct
B1: Diligencie unicamente las celdas verdes | E1: Total | F1: Comisiones | H1: Resultado | I1: Balance inicial | J1: =+(J2-I2)/I2 -> 0
B2: Ganancia o perdida del mes | E2: =H49*5*E3 -> 0 | F2: =-C49*C3*E3 -> 0 | H2: =(E2*E3)+F2 -> 0 | I2: 1250 | J2: =H2+I2 -> 1250
B3: Comision | C3: 3 | D3: Cant. Contratos | E3: 1
B6: Fecha | C6: Total Trades | D6: #Ganados | E6: #Perdidos | F6: Puntos ganados | G6: Puntos perdidos | H6: Total puntos | I6: % Gan/Per | J6: Promedio ganancia | K6: Promedio Perdida | N6: Notas y comentarios
A8: Lunes | B8: 46300 | C8: 0 | D8: 0 | E8: 0 | F8: 0 | G8: 0 | H8: =F8-G8 -> 0 | I8: =IF(SUM(D8:E8),D8/SUM(D8:E8), 0%) -> 0 | J8: =IF(D8>0, F8/D8,0) -> 0 | K8: =IF(E8>0,G8/E8,0) -> 0 | L8: 0
A9: Martes | B9: =B8+1 -> 46301 | C9: 0 | D9: 0 | E9: 0 | F9: 0 | G9: 0 | H9: =F9-G9 -> 0 | I9: =IF(SUM(D9:E9),D9/SUM(D9:E9), 0%) -> 0 | J9: =IF(D9>0, F9/D9,0) -> 0 | K9: =IF(E9>0,G9/E9,0) -> 0 | L9: 0
A10: Miércoles | B10: =B9+1 -> 46302 | C10: 0 | D10: 0 | E10: 0 | F10: 0 | G10: 0 | H10: =F10-G10 -> 0 | I10: =IF(SUM(D10:E10),D10/SUM(D10:E10), 0%) -> 0 | J10: =IF(D10>0, F10/D10,0) -> 0 | K10: =IF(E10>0,G10/E10,0) -> 0 | L10: 0
A11: Jueves | B11: =B10+1 -> 46303 | C11: 0 | D11: 0 | E11: 0 | F11: 0 | G11: 0 | H11: =F11-G11 -> 0 | I11: =IF(SUM(D11:E11),D11/SUM(D11:E11), 0%) -> 0 | J11: =IF(D11>0, F11/D11,0) -> 0 | K11: =IF(E11>0,G11/E11,0) -> 0 | L11: 0
A12: Viernes | B12: =B11+1 -> 46304 | C12: 0 | D12: 0 | E12: 0 | F12: 0 | G12: 0 | H12: =F12-G12 -> 0 | I12: =IF(SUM(D12:E12),D12/SUM(D12:E12), 0%) -> 0 | J12: =IF(D12>0, F12/D12,0) -> 0 | K12: =IF(E12>0,G12/E12,0) -> 0 | L12: 0
B14: Total semana | C14: =SUM(C8:C12) -> 0 | D14: =SUM(D8:D12) -> 0 | E14: =SUM(E8:E12) -> 0 | F14: =SUM(F8:F12) -> 0 | G14: =SUM(G8:G12) -> 0 | H14: =SUM(H8:H12) -> 0 | I14: =IF(SUM(D14:E14),D14/SUM(D14:E14), 0%) -> 0 | J14: =IF(D14>0, F14/D14,0) -> 0 | K14: =IF(E14>0,G14/E14,0) -> 0 | L14: =SUM(L8:L12) -> 0
A16: Lunes | B16: =+B12+3 -> 46307 | C16: 0 | D16: 0 | E16: 0 | F16: 0 | G16: 0 | H16: =F16-G16 -> 0 | I16: =IF(SUM(D16:E16),D16/SUM(D16:E16), 0%) -> 0 | J16: =IF(D16>0, F16/D16,0) -> 0 | K16: =IF(E16>0,G16/E16,0) -> 0 | L16: 0
A17: Martes | B17: =B16+1 -> 46308 | C17: 0 | D17: 0 | E17: 0 | F17: 0 | G17: 0 | H17: =F17-G17 -> 0 | I17: =IF(SUM(D17:E17),D17/SUM(D17:E17), 0%) -> 0 | J17: =IF(D17>0, F17/D17,0) -> 0 | K17: =IF(E17>0,G17/E17,0) -> 0 | L17: 0
A18: Miércoles | B18: =B17+1 -> 46309 | C18: 0 | D18: 0 | E18: 0 | F18: 0 | G18: 0 | H18: =F18-G18 -> 0 | I18: =IF(SUM(D18:E18),D18/SUM(D18:E18), 0%) -> 0 | J18: =IF(D18>0, F18/D18,0) -> 0 | K18: =IF(E18>0,G18/E18,0) -> 0 | L18: 0
A19: Jueves | B19: =B18+1 -> 46310 | C19: 0 | D19: 0 | E19: 0 | F19: 0 | G19: 0 | H19: =F19-G19 -> 0 | I19: =IF(SUM(D19:E19),D19/SUM(D19:E19), 0%) -> 0 | J19: =IF(D19>0, F19/D19,0) -> 0 | K19: =IF(E19>0,G19/E19,0) -> 0 | L19: 0
A20: Viernes | B20: =B19+1 -> 46311 | C20: 0 | D20: 0 | E20: 0 | F20: 0 | G20: 0 | H20: =F20-G20 -> 0 | I20: =IF(SUM(D20:E20),D20/SUM(D20:E20), 0%) -> 0 | J20: =IF(D20>0, F20/D20,0) -> 0 | K20: =IF(E20>0,G20/E20,0) -> 0 | L20: 0
B22: Total semana | C22: =SUM(C16:C20) -> 0 | D22: =SUM(D16:D20) -> 0 | E22: =SUM(E16:E20) -> 0 | F22: =SUM(F16:F20) -> 0 | G22: =SUM(G16:G20) -> 0 | H22: =SUM(H16:H20) -> 0 | I22: =IF(SUM(D22:E22),D22/SUM(D22:E22), 0%) -> 0 | J22: =IF(D22>0, F22/D22,0) -> 0 | K22: =IF(E22>0,G22/E22,0) -> 0 | L22: =SUM(L16:L20) -> 0
A24: Lunes | B24: =B20+3 -> 46314 | C24: 0 | D24: 0 | E24: 0 | F24: 0 | G24: 0 | H24: =F24-G24 -> 0 | I24: =IF(SUM(D24:E24),D24/SUM(D24:E24), 0%) -> 0 | J24: =IF(D24>0, F24/D24,0) -> 0 | K24: =IF(E24>0,G24/E24,0) -> 0 | L24: 0
A25: Martes | B25: =B24+1 -> 46315 | C25: 0 | D25: 0 | E25: 0 | F25: 0 | G25: 0 | H25: =F25-G25 -> 0 | I25: =IF(SUM(D25:E25),D25/SUM(D25:E25), 0%) -> 0 | J25: =IF(D25>0, F25/D25,0) -> 0 | K25: =IF(E25>0,G25/E25,0) -> 0 | L25: 0
A26: Miércoles | B26: =B25+1 -> 46316 | C26: 0 | D26: 0 | E26: 0 | F26: 0 | G26: 0 | H26: =F26-G26 -> 0 | I26: =IF(SUM(D26:E26),D26/SUM(D26:E26), 0%) -> 0 | J26: =IF(D26>0, F26/D26,0) -> 0 | K26: =IF(E26>0,G26/E26,0) -> 0 | L26: 0
A27: Jueves | B27: =B26+1 -> 46317 | C27: 0 | D27: 0 | E27: 0 | F27: 0 | G27: 0 | H27: =F27-G27 -> 0 | I27: =IF(SUM(D27:E27),D27/SUM(D27:E27), 0%) -> 0 | J27: =IF(D27>0, F27/D27,0) -> 0 | K27: =IF(E27>0,G27/E27,0) -> 0 | L27: 0
A28: Viernes | B28: =B27+1 -> 46318 | C28: 0 | D28: 0 | E28: 0 | F28: 0 | G28: 0 | H28: =F28-G28 -> 0 | I28: =IF(SUM(D28:E28),D28/SUM(D28:E28), 0%) -> 0 | J28: =IF(D28>0, F28/D28,0) -> 0 | K28: =IF(E28>0,G28/E28,0) -> 0 | L28: 0
B30: Total semana | C30: =SUM(C24:C28) -> 0 | D30: =SUM(D24:D28) -> 0 | E30: =SUM(E24:E28) -> 0 | F30: =SUM(F24:F28) -> 0 | G30: =SUM(G24:G28) -> 0 | H30: =SUM(H24:H28) -> 0 | I30: =IF(SUM(D30:E30),D30/SUM(D30:E30), 0%) -> 0 | J30: =IF(D30>0, F30/D30,0) -> 0 | K30: =IF(E30>0,G30/E30,0) -> 0 | L30: =SUM(L24:L28) -> 0
A32: Lunes | B32: =B28+3 -> 46321 | C32: 0 | D32: 0 | E32: 0 | F32: 0 | G32: 0 | H32: =F32-G32 -> 0 | I32: =IF(SUM(D32:E32),D32/SUM(D32:E32), 0%) -> 0 | J32: =IF(D32>0, F32/D32,0) -> 0 | K32: =IF(E32>0,G32/E32,0) -> 0 | L32: 0
A33: Martes | B33: =B32+1 -> 46322 | C33: 0 | D33: 0 | E33: 0 | F33: 0 | G33: 0 | H33: =F33-G33 -> 0 | I33: =IF(SUM(D33:E33),D33/SUM(D33:E33), 0%) -> 0 | J33: =IF(D33>0, F33/D33,0) -> 0 | K33: =IF(E33>0,G33/E33,0) -> 0 | L33: 0
A34: Miércoles | B34: =B33+1 -> 46323 | C34: 0 | D34: 0 | E34: 0 | F34: 0 | G34: 0 | H34: =F34-G34 -> 0 | I34: =IF(SUM(D34:E34),D34/SUM(D34:E34), 0%) -> 0 | J34: =IF(D34>0, F34/D34,0) -> 0 | K34: =IF(E34>0,G34/E34,0) -> 0 | L34: 0
A35: Jueves | B35: =B34+1 -> 46324 | C35: 0 | D35: 0 | E35: 0 | F35: 0 | G35: 0 | H35: =F35-G35 -> 0 | I35: =IF(SUM(D35:E35),D35/SUM(D35:E35), 0%) -> 0 | J35: =IF(D35>0, F35/D35,0) -> 0 | K35: =IF(E35>0,G35/E35,0) -> 0 | L35: 0
A36: Viernes | B36: =B35+1 -> 46325 | C36: 0 | D36: 0 | E36: 0 | F36: 0 | G36: 0 | H36: =F36-G36 -> 0 | I36: =IF(SUM(D36:E36),D36/SUM(D36:E36), 0%) -> 0 | J36: =IF(D36>0, F36/D36,0) -> 0 | K36: =IF(E36>0,G36/E36,0) -> 0 | L36: 0
B38: Total semana | C38: =SUM(C32:C36) -> 0 | D38: =SUM(D32:D36) -> 0 | E38: =SUM(E32:E36) -> 0 | F38: =SUM(F32:F36) -> 0 | G38: =SUM(G32:G36) -> 0 | H38: =SUM(H32:H36) -> 0 | I38: =IF(SUM(D38:E38),D38/SUM(D38:E38), 0%) -> 0 | J38: =IF(D38>0, F38/D38,0) -> 0 | K38: =IF(E38>0,G38/E38,0) -> 0 | L38: =SUM(L32:L36) -> 0
A41: Lunes | B41: 45957 | C41: 0 | D41: 0 | E41: 0 | F41: 0 | G41: 0 | H41: =F41-G41 -> 0 | I41: =IF(SUM(D41:E41),D41/SUM(D41:E41), 0%) -> 0 | J41: =IF(D41>0, F41/D41,0) -> 0 | K41: =IF(E41>0,G41/E41,0) -> 0 | L41: 0
A42: Martes | B42: =B41+1 -> 45958 | C42: 0 | D42: 0 | E42: 0 | F42: 0 | G42: 0 | H42: =F42-G42 -> 0 | I42: =IF(SUM(D42:E42),D42/SUM(D42:E42), 0%) -> 0 | J42: =IF(D42>0, F42/D42,0) -> 0 | K42: =IF(E42>0,G42/E42,0) -> 0 | L42: 0
A43: Miércoles | B43: =B42+1 -> 45959 | C43: 0 | D43: 0 | E43: 0 | F43: 0 | G43: 0 | H43: =F43-G43 -> 0 | I43: =IF(SUM(D43:E43),D43/SUM(D43:E43), 0%) -> 0 | J43: =IF(D43>0, F43/D43,0) -> 0 | K43: =IF(E43>0,G43/E43,0) -> 0 | L43: 0
A44: Jueves | B44: =B43+1 -> 45960 | C44: 0 | D44: 0 | E44: 0 | F44: 0 | G44: 0 | H44: =F44-G44 -> 0 | I44: =IF(SUM(D44:E44),D44/SUM(D44:E44), 0%) -> 0 | J44: =IF(D44>0, F44/D44,0) -> 0 | K44: =IF(E44>0,G44/E44,0) -> 0 | L44: 0
A45: Viernes | B45: =B44+1 -> 45961 | C45: 0 | D45: 0 | E45: 0 | F45: 0 | G45: 0 | H45: =F45-G45 -> 0 | I45: =IF(SUM(D45:E45),D45/SUM(D45:E45), 0%) -> 0 | J45: =IF(D45>0, F45/D45,0) -> 0 | K45: =IF(E45>0,G45/E45,0) -> 0 | L45: 0
B47: Total semana | C47: =SUM(C41:C45) -> 0 | D47: =SUM(D41:D45) -> 0 | E47: =SUM(E41:E45) -> 0 | F47: =SUM(F41:F45) -> 0 | G47: =SUM(G41:G45) -> 0 | H47: =SUM(H41:H45) -> 0 | I47: =IF(SUM(D47:E47),D47/SUM(D47:E47), 0%) -> 0 | J47: =IF(D47>0, F47/D47,0) -> 0 | K47: =IF(E47>0,G47/E47,0) -> 0 | L47: =SUM(L41:L45) -> 0
B49: Total mes | C49: =C14+C22+C38+C30+C47 -> 0 | D49: =D14+D22+D38+D30+D47 -> 0 | E49: =E14+E22+E38+E30+E47 -> 0 | F49: =F14+F22+F38+F30+F47 -> 0 | G49: =G14+G22+G38+G30+G47 -> 0 | H49: =H14+H22+H38+H30+H47 -> 0 | I49: =(I14+I22+I38+I30+I47)/5 -> 0 | J49: =J14+J22+J38+J30+J47 -> 0 | K49: =K14+K22+K38+K30+K47 -> 0 | L49: =L14+L22+L30+L38+#REF! -> #REF!

Sheet Nov
C1: Diligencie unicamente las celdas verdes | F1: Total | G1: Comisiones | I1: Resultado | J1: Balance inicial | K1: =+(K2-J2)/J2 -> 0
C2: Ganancia o perdida del mes | F2: =I49*5*F3 -> 0 | G2: =-D49*D3*F3 -> 0 | I2: =(F2*F3)+G2 -> 0 | J2: 1250 | K2: =I2+J2 -> 1250
C3: Comision | D3: 3 | E3: Cant. Contratos | F3: 1
C6: Fecha | D6: Total Trades | E6: #Ganados | F6: #Perdidos | G6: Puntos ganados | H6: Puntos perdidos | I6: Total puntos | J6: % Gan/Per | K6: Promedio ganancia | L6: Promedio Perdida | O6: Notas y comentarios
B8: Lunes | C8: 46328 | D8: 0 | E8: 0 | F8: 0 | G8: 0 | H8: 0 | I8: =G8-H8 -> 0 | J8: =IF(SUM(E8:F8),E8/SUM(E8:F8), 0%) -> 0 | K8: =IF(E8>0, G8/E8,0) -> 0 | L8: =IF(F8>0,H8/F8,0) -> 0 | M8: 0
B9: Martes | C9: =C8+1 -> 46329 | D9: 0 | E9: 0 | F9: 0 | G9: 0 | H9: 0 | I9: =G9-H9 -> 0 | J9: =IF(SUM(E9:F9),E9/SUM(E9:F9), 0%) -> 0 | K9: =IF(E9>0, G9/E9,0) -> 0 | L9: =IF(F9>0,H9/F9,0) -> 0 | M9: 0
B10: Miércoles | C10: =C9+1 -> 46330 | D10: 0 | E10: 0 | F10: 0 | G10: 0 | H10: 0 | I10: =G10-H10 -> 0 | J10: =IF(SUM(E10:F10),E10/SUM(E10:F10), 0%) -> 0 | K10: =IF(E10>0, G10/E10,0) -> 0 | L10: =IF(F10>0,H10/F10,0) -> 0 | M10: 0
B11: Jueves | C11: =C10+1 -> 46331 | D11: 0 | E11: 0 | F11: 0 | G11: 0 | H11: 0 | I11: =G11-H11 -> 0 | J11: =IF(SUM(E11:F11),E11/SUM(E11:F11), 0%) -> 0 | K11: =IF(E11>0, G11/E11,0) -> 0 | L11: =IF(F11>0,H11/F11,0) -> 0 | M11: 0
B12: Viernes | C12: =C11+1 -> 46332 | D12: 0 | E12: 0 | F12: 0 | G12: 0 | H12: 0 | I12: =G12-H12 -> 0 | J12: =IF(SUM(E12:F12),E12/SUM(E12:F12), 0%) -> 0 | K12: =IF(E12>0, G12/E12,0) -> 0 | L12: =IF(F12>0,H12/F12,0) -> 0 | M12: 0
C14: Total semana | D14: =SUM(D8:D12) -> 0 | E14: =SUM(E8:E12) -> 0 | F14: =SUM(F8:F12) -> 0 | G14: =SUM(G8:G12) -> 0 | H14: =SUM(H8:H12) -> 0 | I14: =SUM(I8:I12) -> 0 | J14: =IF(SUM(E14:F14),E14/SUM(E14:F14), 0%) -> 0 | K14: =IF(E14>0, G14/E14,0) -> 0 | L14: =IF(F14>0,H14/F14,0) -> 0 | M14: =SUM(M8:M12) -> 0
B16: Lunes | C16: =C12+3 -> 46335 | D16: 0 | E16: 0 | F16: 0 | G16: 0 | H16: 0 | I16: =G16-H16 -> 0 | J16: =IF(SUM(E16:F16),E16/SUM(E16:F16), 0%) -> 0 | K16: =IF(E16>0, G16/E16,0) -> 0 | L16: =IF(F16>0,H16/F16,0) -> 0 | M16: 0
B17: Martes | C17: =C16+1 -> 46336 | D17: 0 | E17: 0 | F17: 0 | G17: 0 | H17: 0 | I17: =G17-H17 -> 0 | J17: =IF(SUM(E17:F17),E17/SUM(E17:F17), 0%) -> 0 | K17: =IF(E17>0, G17/E17,0) -> 0 | L17: =IF(F17>0,H17/F17,0) -> 0 | M17: 0
B18: Miércoles | C18: =C17+1 -> 46337 | D18: 0 | E18: 0 | F18: 0 | G18: 0 | H18: 0 | I18: =G18-H18 -> 0 | J18: =IF(SUM(E18:F18),E18/SUM(E18:F18), 0%) -> 0 | K18: =IF(E18>0, G18/E18,0) -> 0 | L18: =IF(F18>0,H18/F18,0) -> 0 | M18: 0
B19: Jueves | C19: =C18+1 -> 46338 | D19: 0 | E19: 0 | F19: 0 | G19: 0 | H19: 0 | I19: =G19-H19 -> 0 | J19: =IF(SUM(E19:F19),E19/SUM(E19:F19), 0%) -> 0 | K19: =IF(E19>0, G19/E19,0) -> 0 | L19: =IF(F19>0,H19/F19,0) -> 0 | M19: 0
B20: Viernes | C20: =C19+1 -> 46339 | D20: 0 | E20: 0 | F20: 0 | G20: 0 | H20: 0 | I20: =G20-H20 -> 0 | J20: =IF(SUM(E20:F20),E20/SUM(E20:F20), 0%) -> 0 | K20: =IF(E20>0, G20/E20,0) -> 0 | L20: =IF(F20>0,H20/F20,0) -> 0 | M20: 0
C22: Total semana | D22: =SUM(D16:D20) -> 0 | E22: =SUM(E16:E20) -> 0 | F22: =SUM(F16:F20) -> 0 | G22: =SUM(G16:G20) -> 0 | H22: =SUM(H16:H20) -> 0 | I22: =SUM(I16:I20) -> 0 | J22: =IF(SUM(E22:F22),E22/SUM(E22:F22), 0%) -> 0 | K22: =IF(E22>0, G22/E22,0) -> 0 | L22: =IF(F22>0,H22/F22,0) -> 0 | M22: =SUM(M16:M20) -> 0
B24: Lunes | C24: =C20+3 -> 46342 | D24: 0 | E24: 0 | F24: 0 | G24: 0 | H24: 0 | I24: =G24-H24 -> 0 | J24: =IF(SUM(E24:F24),E24/SUM(E24:F24), 0%) -> 0 | K24: =IF(E24>0, G24/E24,0) -> 0 | L24: =IF(F24>0,H24/F24,0) -> 0 | M24: 0
B25: Martes | C25: =C24+1 -> 46343 | D25: 0 | E25: 0 | F25: 0 | G25: 0 | H25: 0 | I25: =G25-H25 -> 0 | J25: =IF(SUM(E25:F25),E25/SUM(E25:F25), 0%) -> 0 | K25: =IF(E25>0, G25/E25,0) -> 0 | L25: =IF(F25>0,H25/F25,0) -> 0 | M25: 0
B26: Miércoles | C26: =C25+1 -> 46344 | D26: 0 | E26: 0 | F26: 0 | G26: 0 | H26: 0 | I26: =G26-H26 -> 0 | J26: =IF(SUM(E26:F26),E26/SUM(E26:F26), 0%) -> 0 | K26: =IF(E26>0, G26/E26,0) -> 0 | L26: =IF(F26>0,H26/F26,0) -> 0 | M26: 0
B27: Jueves | C27: =C26+1 -> 46345 | D27: 0 | E27: 0 | F27: 0 | G27: 0 | H27: 0 | I27: =G27-H27 -> 0 | J27: =IF(SUM(E27:F27),E27/SUM(E27:F27), 0%) -> 0 | K27: =IF(E27>0, G27/E27,0) -> 0 | L27: =IF(F27>0,H27/F27,0) -> 0 | M27: 0
B28: Viernes | C28: =C27+1 -> 46346 | D28: 0 | E28: 0 | F28: 0 | G28: 0 | H28: 0 | I28: =G28-H28 -> 0 | J28: =IF(SUM(E28:F28),E28/SUM(E28:F28), 0%) -> 0 | K28: =IF(E28>0, G28/E28,0) -> 0 | L28: =IF(F28>0,H28/F28,0) -> 0 | M28: 0
C30: Total semana | D30: =SUM(D24:D28) -> 0 | E30: =SUM(E24:E28) -> 0 | F30: =SUM(F24:F28) -> 0 | G30: =SUM(G24:G28) -> 0 | H30: =SUM(H24:H28) -> 0 | I30: =SUM(I24:I28) -> 0 | J30: =IF(SUM(E30:F30),E30/SUM(E30:F30), 0%) -> 0 | K30: =IF(E30>0, G30/E30,0) -> 0 | L30: =IF(F30>0,H30/F30,0) -> 0 | M30: =SUM(M24:M28) -> 0
B32: Lunes | C32: =C28+3 -> 46349 | D32: 0 | E32: 0 | F32: 0 | G32: 0 | H32: 0 | I32: =G32-H32 -> 0 | J32: =IF(SUM(E32:F32),E32/SUM(E32:F32), 0%) -> 0 | K32: =IF(E32>0, G32/E32,0) -> 0 | L32: =IF(F32>0,H32/F32,0) -> 0 | M32: 0
B33: Martes | C33: =C32+1 -> 46350 | D33: 0 | E33: 0 | F33: 0 | G33: 0 | H33: 0 | I33: =G33-H33 -> 0 | J33: =IF(SUM(E33:F33),E33/SUM(E33:F33), 0%) -> 0 | K33: =IF(E33>0, G33/E33,0) -> 0 | L33: =IF(F33>0,H33/F33,0) -> 0 | M33: 0
B34: Miércoles | C34: =C33+1 -> 46351 | D34: 0 | E34: 0 | F34: 0 | G34: 0 | H34: 0 | I34: =G34-H34 -> 0 | J34: =IF(SUM(E34:F34),E34/SUM(E34:F34), 0%) -> 0 | K34: =IF(E34>0, G34/E34,0) -> 0 | L34: =IF(F34>0,H34/F34,0) -> 0 | M34: 0
B35: Jueves | C35: =+C34+1 -> 46352 | D35: 0 | E35: 0 | F35: 0 | G35: 0 | H35: 0 | I35: =G35-H35 -> 0 | J35: =IF(SUM(E35:F35),E35/SUM(E35:F35), 0%) -> 0 | K35: =IF(E35>0, G35/E35,0) -> 0 | L35: =IF(F35>0,H35/F35,0) -> 0 | M35: 0
B36: Viernes | C36: =+C35+1 -> 46353 | D36: 0 | E36: 0 | F36: 0 | G36: 0 | H36: 0 | I36: =G36-H36 -> 0 | J36: =IF(SUM(E36:F36),E36/SUM(E36:F36), 0%) -> 0 | K36: =IF(E36>0, G36/E36,0) -> 0 | L36: =IF(F36>0,H36/F36,0) -> 0 | M36: 0
C38: Total semana | D38: =SUM(D32:D36) -> 0 | E38: =SUM(E32:E36) -> 0 | F38: =SUM(F32:F36) -> 0 | G38: =SUM(G32:G36) -> 0 | H38: =SUM(H32:H36) -> 0 | I38: =SUM(I32:I36) -> 0 | J38: =IF(SUM(E38:F38),E38/SUM(E38:F38), 0%) -> 0 | K38: =IF(E38>0, G38/E38,0) -> 0 | L38: =IF(F38>0,H38/F38,0) -> 0 | M38: =SUM(M32:M36) -> 0
C49: Total mes | D49: =D14+D30+D22+D38+D46 -> 0 | E49: =E14+E30+E22+E38+E46 -> 0 | F49: =F14+F30+F22+F38+F46 -> 0 | G49: =G14+G30+G22+G38+G46 -> 0 | H49: =H14+H30+H22+H38+H46 -> 0 | I49: =I14+I30+I22+I38+I46 -> 0 | J49: =J14+J30+J22+J38+J46 -> 0 | K49: =K14+K30+K22+K38+K46 -> 0 | L49: =L14+L30+L22+L38+L46 -> 0 | M49: =#REF!+M14+M22+M30+M38 -> #REF!

Sheet Dic
C1: Diligencie unicamente las celdas verdes | F1: Total | G1: Comisiones | I1: Resultado | J1: Balance inicial | K1: =+(K2-J2)/J2 -> 0
C2: Ganancia o perdida del mes | F2: =I41*5*F3 -> 0 | G2: =-D41*D3*F3 -> 0 | I2: =(F2*F3)+G2 -> 0 | J2: 1250 | K2: =I2+J2 -> 1250
C3: Comision | D3: 3 | E3: Cant. Contratos | F3: 1
C6: Fecha | D6: Total Trades | E6: #Ganados | F6: #Perdidos | G6: Puntos ganados | H6: Puntos perdidos | I6: Total puntos | J6: % Gan/Per | K6: Promedio ganancia | L6: Promedio Perdida | O6: Notas y comentarios
A8: 1 | B8: Lunes | C8: 46356 | D8: 0 | E8: 0 | F8: 0 | G8: 0 | H8: 0 | I8: =G8-H8 -> 0 | J8: =IF(SUM(E8:F8),E8/SUM(E8:F8), 0%) -> 0 | K8: =IF(E8>0, G8/E8,0) -> 0 | L8: =IF(F8>0,H8/F8,0) -> 0 | M8: 0
B9: Martes | C9: =+C8+1 -> 46357 | D9: 0 | E9: 0 | F9: 0 | G9: 0 | H9: 0 | I9: =G9-H9 -> 0 | J9: =IF(SUM(E9:F9),E9/SUM(E9:F9), 0%) -> 0 | K9: =IF(E9>0, G9/E9,0) -> 0 | L9: =IF(F9>0,H9/F9,0) -> 0 | M9: 0
B10: Miércoles | C10: =+C9+1 -> 46358 | D10: 0 | E10: 0 | F10: 0 | G10: 0 | H10: 0 | I10: =G10-H10 -> 0 | J10: =IF(SUM(E10:F10),E10/SUM(E10:F10), 0%) -> 0 | K10: =IF(E10>0, G10/E10,0) -> 0 | L10: =IF(F10>0,H10/F10,0) -> 0 | M10: 0
B11: Jueves | C11: =+C10+1 -> 46359 | D11: 0 | E11: 0 | F11: 0 | G11: 0 | H11: 0 | I11: =G11-H11 -> 0 | J11: =IF(SUM(E11:F11),E11/SUM(E11:F11), 0%) -> 0 | K11: =IF(E11>0, G11/E11,0) -> 0 | L11: =IF(F11>0,H11/F11,0) -> 0 | M11: 0
B12: Viernes | C12: =+C11+1 -> 46360 | D12: 0 | E12: 0 | F12: 0 | G12: 0 | H12: 0 | I12: =G12-H12 -> 0 | J12: =IF(SUM(E12:F12),E12/SUM(E12:F12), 0%) -> 0 | K12: =IF(E12>0, G12/E12,0) -> 0 | L12: =IF(F12>0,H12/F12,0) -> 0 | M12: 0
C14: Total semana | D14: =SUM(D8:D12) -> 0 | E14: =SUM(E8:E12) -> 0 | F14: =SUM(F8:F12) -> 0 | G14: =SUM(G8:G12) -> 0 | H14: =SUM(H8:H12) -> 0 | I14: =SUM(I8:I12) -> 0 | J14: =IF(SUM(E14:F14),E14/SUM(E14:F14), 0%) -> 0 | K14: =IF(E14>0, G14/E14,0) -> 0 | L14: =IF(F14>0,H14/F14,0) -> 0 | M14: =SUM(M8:M12) -> 0
A16: 2 | B16: Lunes | C16: =+C12+3 -> 46363 | D16: 0 | E16: 0 | F16: 0 | G16: 0 | H16: 0 | I16: =G16-H16 -> 0 | J16: =IF(SUM(E16:F16),E16/SUM(E16:F16), 0%) -> 0 | K16: =IF(E16>0, G16/E16,0) -> 0 | L16: =IF(F16>0,H16/F16,0) -> 0 | M16: 0
B17: Martes | C17: =C16+1 -> 46364 | D17: 0 | E17: 0 | F17: 0 | G17: 0 | H17: 0 | I17: =G17-H17 -> 0 | J17: =IF(SUM(E17:F17),E17/SUM(E17:F17), 0%) -> 0 | K17: =IF(E17>0, G17/E17,0) -> 0 | L17: =IF(F17>0,H17/F17,0) -> 0 | M17: 0
B18: Miércoles | C18: =C17+1 -> 46365 | D18: 0 | E18: 0 | F18: 0 | G18: 0 | H18: 0 | I18: =G18-H18 -> 0 | J18: =IF(SUM(E18:F18),E18/SUM(E18:F18), 0%) -> 0 | K18: =IF(E18>0, G18/E18,0) -> 0 | L18: =IF(F18>0,H18/F18,0) -> 0 | M18: 0
B19: Jueves | C19: =C18+1 -> 46366 | D19: 0 | E19: 0 | F19: 0 | G19: 0 | H19: 0 | I19: =G19-H19 -> 0 | J19: =IF(SUM(E19:F19),E19/SUM(E19:F19), 0%) -> 0 | K19: =IF(E19>0, G19/E19,0) -> 0 | L19: =IF(F19>0,H19/F19,0) -> 0 | M19: 0
B20: Viernes | C20: =C19+1 -> 46367 | D20: 0 | E20: 0 | F20: 0 | G20: 0 | H20: 0 | I20: =G20-H20 -> 0 | J20: =IF(SUM(E20:F20),E20/SUM(E20:F20), 0%) -> 0 | K20: =IF(E20>0, G20/E20,0) -> 0 | L20: =IF(F20>0,H20/F20,0) -> 0 | M20: 0
C22: Total semana | D22: =SUM(D16:D20) -> 0 | E22: =SUM(E16:E20) -> 0 | F22: =SUM(F16:F20) -> 0 | G22: =SUM(G16:G20) -> 0 | H22: =SUM(H16:H20) -> 0 | I22: =SUM(I16:I20) -> 0 | J22: =IF(SUM(E22:F22),E22/SUM(E22:F22), 0%) -> 0 | K22: =IF(E22>0, G22/E22,0) -> 0 | L22: =IF(F22>0,H22/F22,0) -> 0 | M22: =SUM(M16:M20) -> 0
A24: 3 | B24: Lunes | C24: =C20+3 -> 46370 | D24: 0 | E24: 0 | F24: 0 | G24: 0 | H24: 0 | I24: =G24-H24 -> 0 | J24: =IF(SUM(E24:F24),E24/SUM(E24:F24), 0%) -> 0 | K24: =IF(E24>0, G24/E24,0) -> 0 | L24: =IF(F24>0,H24/F24,0) -> 0 | M24: 0
B25: Martes | C25: =C24+1 -> 46371 | D25: 0 | E25: 0 | F25: 0 | G25: 0 | H25: 0 | I25: =G25-H25 -> 0 | J25: =IF(SUM(E25:F25),E25/SUM(E25:F25), 0%) -> 0 | K25: =IF(E25>0, G25/E25,0) -> 0 | L25: =IF(F25>0,H25/F25,0) -> 0 | M25: 0
B26: Miércoles | C26: =C25+1 -> 46372 | D26: 0 | E26: 0 | F26: 0 | G26: 0 | H26: 0 | I26: =G26-H26 -> 0 | J26: =IF(SUM(E26:F26),E26/SUM(E26:F26), 0%) -> 0 | K26: =IF(E26>0, G26/E26,0) -> 0 | L26: =IF(F26>0,H26/F26,0) -> 0 | M26: 0
B27: Jueves | C27: =C26+1 -> 46373 | D27: 0 | E27: 0 | F27: 0 | G27: 0 | H27: 0 | I27: =G27-H27 -> 0 | J27: =IF(SUM(E27:F27),E27/SUM(E27:F27), 0%) -> 0 | K27: =IF(E27>0, G27/E27,0) -> 0 | L27: =IF(F27>0,H27/F27,0) -> 0 | M27: 0
B28: Viernes | C28: =C27+1 -> 46374 | D28: 0 | E28: 0 | F28: 0 | G28: 0 | H28: 0 | I28: =G28-H28 -> 0 | J28: =IF(SUM(E28:F28),E28/SUM(E28:F28), 0%) -> 0 | K28: =IF(E28>0, G28/E28,0) -> 0 | L28: =IF(F28>0,H28/F28,0) -> 0 | M28: 0
C30: Total semana | D30: =SUM(D24:D28) -> 0 | E30: =SUM(E24:E28) -> 0 | F30: =SUM(F24:F28) -> 0 | G30: =SUM(G24:G28) -> 0 | H30: =SUM(H24:H28) -> 0 | I30: =SUM(I24:I28) -> 0 | J30: =IF(SUM(E30:F30),E30/SUM(E30:F30), 0%) -> 0 | K30: =IF(E30>0, G30/E30,0) -> 0 | L30: =IF(F30>0,H30/F30,0) -> 0 | M30: =SUM(M24:M28) -> 0
A32: 4 | B32: Lunes | C32: =C28+3 -> 46377 | D32: 0 | E32: 0 | F32: 0 | G32: 0 | H32: 0 | I32: =G32-H32 -> 0 | J32: =IF(SUM(E32:F32),E32/SUM(E32:F32), 0%) -> 0 | K32: =IF(E32>0, G32/E32,0) -> 0 | L32: =IF(F32>0,H32/F32,0) -> 0 | M32: 0
B33: Martes | C33: =C32+1 -> 46378 | D33: 0 | E33: 0 | F33: 0 | G33: 0 | H33: 0 | I33: =G33-H33 -> 0 | J33: =IF(SUM(E33:F33),E33/SUM(E33:F33), 0%) -> 0 | K33: =IF(E33>0, G33/E33,0) -> 0 | L33: =IF(F33>0,H33/F33,0) -> 0 | M33: 0
B34: Miércoles | C34: =C33+1 -> 46379 | D34: 0 | E34: 0 | F34: 0 | G34: 0 | H34: 0 | I34: =G34-H34 -> 0 | J34: =IF(SUM(E34:F34),E34/SUM(E34:F34), 0%) -> 0 | K34: =IF(E34>0, G34/E34,0) -> 0 | L34: =IF(F34>0,H34/F34,0) -> 0 | M34: 0
B35: Jueves | C35: =C34+1 -> 46380 | D35: 0 | E35: 0 | F35: 0 | G35: 0 | H35: 0 | I35: =G35-H35 -> 0 | J35: =IF(SUM(E35:F35),E35/SUM(E35:F35), 0%) -> 0 | K35: =IF(E35>0, G35/E35,0) -> 0 | L35: =IF(F35>0,H35/F35,0) -> 0 | M35: 0
B36: Viernes | C36: =C35+1 -> 46381 | D36: 0 | E36: 0 | F36: 0 | G36: 0 | H36: 0 | I36: =G36-H36 -> 0 | J36: =IF(SUM(E36:F36),E36/SUM(E36:F36), 0%) -> 0 | K36: =IF(E36>0, G36/E36,0) -> 0 | L36: =IF(F36>0,H36/F36,0) -> 0 | M36: 0
C38: Total semana | D38: =SUM(D32:D36) -> 0 | E38: =SUM(E32:E36) -> 0 | F38: =SUM(F32:F36) -> 0 | G38: =SUM(G32:G36) -> 0 | H38: =SUM(H32:H36) -> 0 | I38: =SUM(I32:I36) -> 0 | J38: =IF(SUM(E38:F38),E38/SUM(E38:F38), 0%) -> 0 | K38: =IF(E38>0, G38/E38,0) -> 0 | L38: =IF(F38>0,H38/F38,0) -> 0 | M38: =SUM(M32:M36) -> 0
C41: Total mes | D41: =D14+D22+D38+D30 -> 0 | E41: =E14+E22+E38+E30 -> 0 | F41: =F14+F22+F38+F30 -> 0 | G41: =G14+G22+G38+G30 -> 0 | H41: =H14+H22+H38+H30 -> 0 | I41: =I14+I22+I38+I30 -> 0 | J41: =J14+J22+J38+J30 -> 0 | K41: =K14+K22+K38+K30 -> 0 | L41: =L14+L22+L38+L30 -> 0 | M41: =M14+M22+M30+M38+#REF! -> #REF!

Sheet TOTALES
B1: TOTALES DEL AÑO 2025
B2: Mes | C2: Total Trades | D2: #Ganados | E2: #Perdidos | F2: Puntos ganados | G2: Puntos perdidos | H2: Total puntos | I2: % Gan/Per | J2: Promedio ganancia | K2: Promedio Pérdida | M2: Comisiones | N2: Contratos | O2: TOTALES
B3: Enero | C3: =+Ene!D48 -> 0 | D3: =+Ene!E48 -> 0 | E3: =+Ene!$F$48 -> 0 | F3: =+Ene!$G$48 -> 0 | G3: =+Ene!$H$48 -> 0 | H3: =+F3-G3 -> 0 | I3: =IF(C3>0,D3/C3,"-") -> - | J3: =+Ene!$K$48 -> 0 | K3: =+Ene!$L$48 -> 0 | M3: =+Ene!$G$2 -> 0 | N3: =+Ene!$F$3 -> 1 | O3: =+Ene!$I$2 -> 0
B4: Febrero | C4: =+Feb!D40 -> 0 | D4: =+Feb!E40 -> 0 | E4: =+Feb!$F$40 -> 0 | F4: =+Feb!$G$40 -> 0 | G4: =+Feb!$H$40 -> 0 | H4: =+F4-G4 -> 0 | I4: =IF(C4>0,D4/C4,"-") -> - | J4: =+Feb!$K$40 -> 0 | K4: =+Feb!$L$40 -> 0 | M4: =+Feb!$G$2 -> 0 | N4: =+Feb!$F$3 -> 1 | O4: =+Feb!$I$2 -> 0
B5: Marzo | C5: =+Mar!D48 -> 0 | D5: =+Mar!E48 -> 0 | E5: =+Mar!$F$48 -> 0 | F5: =+Mar!$G$48 -> 0 | G5: =+Mar!$H$48 -> 0 | H5: =+F5-G5 -> 0 | I5: =IF(C5>0,D5/C5,"-") -> - | J5: =+Mar!$K$48 -> 0 | K5: =+Mar!$L$48 -> 0 | M5: =+Mar!$G$2 -> 0 | N5: =+Mar!$F$3 -> 1 | O5: =+Mar!$I$2 -> 0
B6: Abril | C6: =+Abr!D48 -> 0 | D6: =+Abr!E48 -> 0 | E6: =+Abr!$F$48 -> 0 | F6: =+Abr!$G$48 -> 0 | G6: =+Abr!$H$48 -> 0 | H6: =+F6-G6 -> 0 | I6: =IF(C6>0,D6/C6,"-") -> - | J6: =+Abr!$K$48 -> 0 | K6: =+Abr!$L$48 -> 0 | M6: =+Abr!$G$2 -> 0 | N6: =+Abr!$F$3 -> 1 | O6: =+Abr!$I$2 -> 0
B7: Mayo | C7: =+May!D40 -> 0 | D7: =+May!E40 -> 0 | E7: =+May!$F$40 -> 0 | F7: =+May!$G$40 -> 0 | G7: =+May!$H$40 -> 0 | H7: =+F7-G7 -> 0 | I7: =IF(C7>0,D7/C7,"-") -> - | J7: =+May!$K$40 -> 0 | K7: =+May!$L$40 -> 0 | M7: =+May!$G$2 -> 0 | N7: =+May!$F$3 -> 1 | O7: =+May!$I$2 -> 0
B8: Junio | C8: =+Jun!D48 -> 0 | D8: =+Jun!E48 -> 0 | E8: =+Jun!$F$48 -> 0 | F8: =+Jun!$G$48 -> 0 | G8: =+Jun!$H$48 -> 0 | H8: =+F8-G8 -> 0 | I8: =IF(C8>0,D8/C8,"-") -> - | J8: =+Jun!$K$48 -> 0 | K8: =+Jun!$L$48 -> 0 | M8: =+Jun!$G$2 -> 0 | N8: =+Jun!$F$3 -> 1 | O8: =+Jun!$I$2 -> 0
B9: Julio | C9: =+Jul!D41 -> 0 | D9: =+Jul!E41 -> 0 | E9: =+Jul!$F$41 -> 0 | F9: =+Jul!$G$41 -> 0 | G9: =+Jul!$H$41 -> 0 | H9: =+F9-G9 -> 0 | I9: =IF(C9>0,D9/C9,"-") -> - | J9: =+Jul!$K$41 -> 0 | K9: =+Jul!$L$41 -> 0 | M9: =+Jul!$G$2 -> 0 | N9: =+Jul!$F$3 -> 1 | O9: =+Jul!$I$2 -> 0
B10: Agosto | C10: =+Ago!D42 -> 0 | D10: =+Ago!E42 -> 0 | E10: =+Ago!$F$42 -> 0 | F10: =+Ago!$G$42 -> 0 | G10: =+Ago!$H$42 -> 0 | H10: =+F10-G10 -> 0 | I10: =IF(C10>0,D10/C10,"-") -> - | J10: =+Ago!$K$42 -> 0 | K10: =+Ago!$L$42 -> 0 | M10: =+Ago!$G$2 -> 0 | N10: =+Ago!$F$3 -> 1 | O10: =+Ago!$I$2 -> 0
B11: Septiembre | C11: =+Sep!D48 -> 0 | D11: =+Sep!E48 -> 0 | E11: =+Sep!$F$48 -> 0 | F11: =+Sep!$G$48 -> 0 | G11: =+Sep!$H$48 -> 0 | H11: =+F11-G11 -> 0 | I11: =IF(C11>0,D11/C11,"-") -> - | J11: =+Sep!$K$48 -> 0 | K11: =+Sep!$L$48 -> 0 | M11: =+Sep!$G$2 -> 0 | N11: =+Sep!$F$3 -> 1 | O11: =+Sep!$I$2 -> 0
B12: Octubre | C12: =+Oct!C49 -> 0 | D12: =+Oct!D49 -> 0 | E12: =+Oct!$E$49 -> 0 | F12: =+Oct!$F$49 -> 0 | G12: =+Oct!$G$49 -> 0 | H12: =+F12-G12 -> 0 | I12: =IF(C12>0,D12/C12,"-") -> - | J12: =+Oct!$J$49 -> 0 | K12: =+Oct!$K$49 -> 0 | M12: =+Oct!$F$2 -> 0 | N12: =+Oct!$E$3 -> 1 | O12: =+Oct!$H$2 -> 0
B13: Noviembre | C13: =+Nov!D49 -> 0 | D13: =+Nov!E49 -> 0 | E13: =+Nov!$F$49 -> 0 | F13: =+Nov!$G$49 -> 0 | G13: =+Nov!$H$49 -> 0 | H13: =+F13-G13 -> 0 | I13: =IF(C13>0,D13/C13,"-") -> - | J13: =+Nov!$K$49 -> 0 | K13: =+Nov!$L$49 -> 0 | M13: =+Nov!$G$2 -> 0 | N13: =+Nov!$F$3 -> 1 | O13: =+Nov!$I$2 -> 0
B14: Diciembre | C14: =+Dic!D41 -> 0 | D14: =+Dic!E41 -> 0 | E14: =+Dic!$F$41 -> 0 | F14: =+Dic!$G$41 -> 0 | G14: =+Dic!$H$41 -> 0 | H14: =+F14-G14 -> 0 | I14: =IF(C14>0,D14/C14,"-") -> - | J14: =+Dic!$K$41 -> 0 | K14: =+Dic!$L$41 -> 0 | M14: =+Dic!$G$2 -> 0 | N14: =+Dic!$F$3 -> 1 | O14: =+Dic!$I$2 -> 0
B15: Totales Año | C15: =SUM(C3:C14) -> 0 | D15: =SUM(D3:D14) -> 0 | E15: =SUM(E3:E14) -> 0 | F15: =SUM(F3:F14) -> 0 | G15: =SUM(G3:G14) -> 0 | H15: =SUM(H3:H14) -> 0 | I15: =IF(C15>0,AVERAGE(I3:I14),"-") -> - | J15: =IF(D15>0, F15/D15,0) -> 0 | K15: =IF(E15>0,G15/E15,0) -> 0 | M15: =SUM(M3:M14) -> 0 | O15: =SUM(O3:O14) -> 0
